Rank,Team,Player,Role,Mouse,M. HZ,DPI,Sens,eDPI,Zoom Sens,Accel,Win Sens,Raw input,Monitor,HZ,GPU,Resolution,Aspect Ratio,Scaling Mode,Mousepad,Keyboard,Headset,CFG
"1,002",Streamer,n0thing,Rifler,Logitech G100s Custom,500,400,2.00,800,1.00,0,6,1,Alienware AW2521H,360,RTX 3090,1920x1080,16:9,,SteelSeries QcK Heavy,HyperX Alloy Elite,Logitech G Pro X Wireless Headset SE,CONFIG
"1,002",Streamer,shroud,Rifler,Logitech G303 Shroud Edition,"1,000",450,2.40,"1,080",1.00,0,6,1,ASUS ROG Swift PG27AQN,360,RTX 3090,2560x1440,16:9,,Logitech G840 SE,Logitech G Pro X MK SE,Logitech G Pro X Wireless Headset SE,CONFIG
34,EG (S),Stewie2k,Rifler,Logitech G Pro X Superlight Black,"1,000",400,2.00,800,1.10,0,6,1,BenQ XL2546K,360,RTX 2080 Super,1024x768,4:3,BB,SteelSeries QcK Heavy,Logitech G512,HyperX Cloud II,CONFIG
50,Titans,MSL,Rifler,Pulsar Xlite V2 Wireless,"1,000",400,1.60,640,1.00,0,6,1,BenQ XL2546,240,GTX 1080 Ti,1280x960,4:3,STR,SteelSeries QcK Heavy,SteelSeries APEX M750 TKL,SteelSeries Arctis Pro,CONFIG
11,Vitality,Magisk,Rifler,Razer DeathAdder V3 Pro,"4,000",800,1.00,800,1.18,0,6,1,BenQ XL2546,240,RTX 3080,1680x1050,16:10,BB,VAXEE PA Y22,Razer Huntsman V2 TKL,Corsair HS80,CONFIG
779,Astralis Talent,cajunb,Rifler,Zowie EC1,"1,000",400,2.20,880,1.00,0,6,0,BenQ XL2546,240,GTX 1080,1280x800,16:10,BB,SteelSeries QcK Heavy,Xtrfy K2-RGB White Edition,Sennheiser GSP 600,CONFIG
"1,000",Free Agent,k0nfig,Rifler,Razer DeathAdder V3 Pro,"1,000",400,2.20,880,1.00,0,6,1,BenQ XL2546,240,RTX 3080,1024x768,4:3,BB,Zowie G-SR-SE Deep Blue,Logitech G Pro X Mechanical Keyboard,Logitech G Pro X Headset,CONFIG
806,Ambush Esports,SIXER,AWPer,Razer DeathAdder V3 Pro,"1,000",400,2.30,920,1.00,0,6,1,BenQ XL2540,240,GTX 1080 Ti,1024x768,4:3,STR,SteelSeries QcK Heavy,SteelSeries 6Gv2,HyperX Cloud II,CONFIG
167,Falcons Esports,kennyS,AWPer,Logitech MX518 HERO,"1,000",400,2.20,880,1.00,0,6,1,BenQ XL2546,240,RTX 3080,1024x768,4:3,BB,Flicks kennyS,Logitech G513,Logitech G Pro X Wireless Headset,CONFIG
11,Vitality,apEX,Rifler,Zowie EC1-A,"1,000",400,1.60,640,1.00,0,6,1,BenQ XL2546K,240,RTX 2080 Ti,1024x768,4:3,STR,Zowie G-SR-SE,Corsair K70 RGB MK.2,JBL Quantum ONE,CONFIG
1,NaVi,electronic,Rifler,Logitech G Pro X Superlight White,"1,000",400,2.20,880,1.05,0,6,1,BenQ XL2546K,240,RX 6900 XT,1280x960,4:3,STR,Logitech G640,Logitech G915 TKL White,Logitech G Pro X Wireless Headset,CONFIG
"1,000",Free Agent,bondik,Rifler,Razer DeathAdder 2013,"1,000","1,800",2.50,"1,125",1.00,0,3,0,BenQ XL2546,240,GTX 1080 Ti,1024x768,4:3,BB,SteelSeries QcK Heavy,Xtrfy K2-RGB,HyperX Cloud II,CONFIG
"1,000",Free Agent,dennis,Rifler,Razer DeathAdder V3 Pro,"1,000",400,2.00,800,0.80,0,6,1,ASUS ROG Swift PG259QN,360,RTX 2080 Ti,1024x768,4:3,STR,Razer Gigantus Elite,Razer Huntsman V2 TKL,Razer BlackShark V2 Pro,CONFIG
2,FaZe Clan (B),olofmeister,Rifler,Zowie EC1-A,"1,000",400,1.70,680,1.20,0,6,1,BenQ XL2546K,240,RTX 3080,1024x768,4:3,BB,SteelSeries QcK Heavy,SteelSeries Apex Pro,SteelSeries Arctis Pro White,CONFIG
"1,000",Free Agent,Lekr0,Rifler,Logitech G Pro Wireless,"1,000",800,1.00,800,0.59,0,6,1,ASUS ROG Swift PG259QN,360,RTX 2080 Ti,1440x1080,4:3,STR,Xtrfy XTP1 f0rest Edition,Xtrfy K2-RGB,Xtrfy H1,CONFIG
73,Finest,twist,Rifler,VAXEE ZYGEN NP-01,"1,000",400,2.00,800,1.00,0,6,1,BenQ XL2546,240,RTX 2080 Ti,1280x960,4:3,,Logitech G640,Logitech G915 TKL,Logitech G Pro X Headset,CONFIG
200,EYEBALLERS,JW,AWPer,Logitech G Pro X Superlight Black,"1,000",400,1.90,760,0.90,0,6,1,BenQ XL2540,240,RX Vega 64,1280x960,4:3,,Fnatic Gear DASH,Fnatic Gear MiniStreak,Fnatic REACT,CONFIG
200,EYEBALLERS,flusha,Rifler,Logitech G703 White Edition,"1,000",400,1.90,760,0.88,0,6,1,BenQ XL2540,240,RTX 3080,1280x960,4:3,STR,VAXEE PA Y22,HyperX Alloy FPS Pro,Fnatic REACT,CONFIG
26,Fnatic,KRiMZ,Rifler,Logitech G Pro X Superlight White,"1,000",400,1.40,560,1.00,0,6,1,BenQ XL2540,240,RX Vega 64,1280x960,4:3,STR,Fnatic Focus 2,Fnatic Gear MiniStreak,Fnatic REACT,CONFIG
821,JANO Esports,allu,AWPer,Logitech G Pro X Superlight Black,"1,000",400,3.00,"1,200",1.00,0,6,1,ASUS ROG Swift PG259QN,360,RTX 2080 Ti,1280x960,4:3,STR,Logitech G640 ENCE Edition,Logitech G Pro Mechanical Keyboard,Logitech G Pro X Headset,CONFIG
2,FaZe Clan,karrigan,Rifler,SteelSeries Prime Wireless,"1,000",400,1.60,640,1.00,1,4,1,BenQ XL2540,240,RTX 3080,1920x1080,16:9,,SteelSeries QcK Heavy,SteelSeries Apex Pro TKL,SteelSeries Arctis Pro White,CONFIG
"1,000",Free Agent,kioShiMa,Rifler,Logitech G Pro Wireless,"1,000",400,2.20,880,1.00,0,6,1,BenQ XL2540,240,GTX 1080 Ti,1280x960,4:3,STR,HyperX FURY S Speed Edition,HyperX Alloy Elite,HyperX Cloud II,CONFIG
818,Tokyo Revengers,aizy,Rifler,Zowie S2 Divina Edition,"1,000",400,2.20,880,1.00,0,6,1,BenQ XL2546,240,GTX 1080 Ti,1024x768,4:3,STR,Zowie G-SR,HyperX Alloy FPS,Sennheiser GSP 600,CONFIG
2,FaZe Clan,rain,Rifler,Logitech G Pro X Superlight Black,"1,000",400,1.65,660,0.80,0,6,1,BenQ XL2540,240,RTX 3080,1280x960,4:3,STR,SteelSeries QcK Heavy,SteelSeries Apex Pro TKL,SteelSeries Arctis Prime,CONFIG
14,Imperial,FalleN,AWPer,Zowie EC1-A,"1,000",400,2.20,880,1.20,0,6,1,BenQ XL2546K,360,RTX 3080,1024x768,4:3,STR,Fallen Fade,Fallen Ace,Fallen Morcego Vermelho,CONFIG
166,00Nation,coldzera,Rifler,Logitech G Pro X Superlight Black,500,800,1.10,880,1.00,0,6,0,BenQ XL2546,240,GTX 1080 Ti,1280x960,4:3,STR,VAXEE PA FunSpark V2,HyperX Alloy Elite,HyperX Cloud II Wireless,CONFIG
14,Imperial,fer,Rifler,VAXEE ZYGEN NP-01 White,"1,000",400,2.30,920,1.00,0,6,0,BenQ XL2546,240,RTX 3080,1152x864,4:3,STR,SteelSeries QcK Heavy,Fallen Falcao Peregrino V3,Logitech G Pro X Headset,CONFIG
166,00Nation,TACO,Rifler,Zowie FK2,"1,000",400,1.50,600,1.00,0,6,1,BenQ XL2546 Divina Blue Edition,240,GTX 1080 Ti,1152x864,4:3,STR,SteelSeries QcK Heavy,Razer Huntsman TE,HyperX Cloud Alpha,CONFIG
800,cowana,Spiidi,Rifler,FinalMouse Starlight 12 Phantom,"1,000",800,0.80,640,1.00,0,6,1,BenQ XL2546K,240,GTX 1080,1920x1080,16:9,,Endgame Gear MPJ450 Sprout,Cooler Master MasterKeys MK750,HyperX Cloud Alpha,CONFIG
9,G2,NiKo,Rifler,Logitech G Pro X Superlight Red,"1,000",400,1.38,550,0.90,0,6,1,BenQ XL2566K,360,RTX 3080,1280x960,4:3,STR,SteelSeries QcK Heavy,Logitech G715,Logitech G735,CONFIG
50,Titans,oskar,AWPer,VAXEE OUTSET AX,"1,000",400,3.50,"1,400",0.80,0,6,1,BenQ XL2546,240,GTX 1080 Ti,1024x768,4:3,STR,VAXEE PA Winter 21,Cooler Master Storm Rapid-i,Sennheiser GAME ZERO,CONFIG
800,cowana,denis,Rifler,VAXEE ZYGEN NP-01,"1,000",400,1.60,640,0.70,0,6,1,BenQ XL2540,240,GTX 1080,1920x1080,16:9,,Corsair MM100,Ducky One 2 RGB,Corsair Void RGB Elite Wireless,CONFIG
1,NaVi,s1mple,AWPer,Logitech G Pro X Superlight Red,"1,000",400,3.09,"1,236",1.00,0,6,1,BenQ XL2546K,240,RTX 3090,1280x960,4:3,STR,Logitech G640 Black,Logitech G915 TKL White,Logitech G Pro X Headset,CONFIG
103,Singularity Esports,seized,Rifler,VAXEE OUTSET AX,500,400,2.10,840,0.80,0,6,1,BenQ XL2546,240,RTX 3080,1280x800,16:10,BB,Logitech G640,Logitech G Pro X Mechanical Keyboard,Logitech G Pro X Headset,CONFIG
185,1WIN,flamie,Rifler,Razer DeathAdder V3 Pro,"4,000",400,1.60,640,0.97,0,6,1,BenQ XL2546K,240,RTX 3090,1024x768,4:3,BB,VAXEE PA ZYGEN,Logitech G915 TKL,Logitech G Pro X Headset,CONFIG
805,Team Sampi,GuardiaN,AWPer,Logitech G Pro X Superlight Black,"1,000",400,1.50,600,1.20,0,6,1,BenQ XL2546 Divina Blue Edition,240,RTX 2080 Ti,800x600,4:3,BB,Razer Gigantus V2,HyperX Alloy Origins,Logitech G Pro X Wireless Headset,CONFIG
"1,000",Free Agent,Edward,Rifler,Logitech G Pro X Superlight Black,500,400,1.90,760,1.00,0,6,1,BenQ XL2540,240,GTX 1080,1152x864,4:3,STR,SteelSeries QcK Heavy,HyperX Alloy FPS RGB,HyperX Cloud Flight,CONFIG
"1,000",Free Agent,friberg,Rifler,VAXEE OUTSET AX,"1,000",800,1.10,880,1.00,0,6,1,BenQ XL2546,240,GTX 1080,1280x960,4:3,STR,HyperX FURY S Speed Edition,HyperX Alloy Origins,HyperX Cloud Alpha,CONFIG
"1,000",Free Agent,Xizt,Rifler,Zowie EC2-A,500,400,3.00,"1,200",1.00,0,6,1,BenQ XL2540,240,RX Vega 64,1024x768,4:3,BB,HyperX FURY S Speed Edition,HyperX Alloy Origins Core,HyperX Cloud Alpha,CONFIG
"1,000",Free Agent,f0rest,Rifler,Xtrfy MZ1 Wireless,"1,000",400,3.50,"1,400",1.00,0,6,1,BenQ XL2546K,240,RTX 2080 Ti,1600x900,16:9,,Xtrfy GPZ1,HyperX Alloy Origins,HyperX Cloud II Wireless,CONFIG
"1,002",Streamer,GeT_RiGhT,Rifler,Logitech G Pro Wireless,"1,000",400,2.90,"1,160",1.00,0,6,1,BenQ XL2546 Divina Blue Edition,240,RTX 3080,1680x1050,16:10,STR,HyperX FURY S Pro,HyperX Alloy Origins,HyperX Cloud II,CONFIG
13,Liquid,EliGE,Rifler,Logitech G Pro X Superlight Black,"1,000","1,600",0.74,"1,184",0.80,0,6,1,Alienware AW2521H,360,RTX 3080,1680x1050,16:10,STR,Lethal Gaming Gear Saturn,Glorious GMMK Pro,Beyerdynamic DT 770 Pro,CONFIG
10,Astralis,Xyp9x,Rifler,Logitech G Pro X Superlight White,500,800,1.00,800,1.00,0,6,1,BenQ XL2546K,240,RTX 3080,1680x1050,16:10,BB,Logitech G640,Logitech G Pro X Mechanical Keyboard,Logitech G Pro X Headset,CONFIG
10,Astralis,dev1ce,AWPer,Logitech G Pro X Superlight Magenta,"1,000",400,2.00,800,1.10,0,6,1,BenQ XL2546 Divina Pink Edition,240,RTX 3080,1280x960,4:3,STR,Logitech G640,Logitech G Pro X Mechanical Keyboard,Logitech G Pro X Headset,CONFIG
11,Vitality,dupreeh,Rifler,ZOWIE FK2 RED V2,"1,000",400,1.70,680,1.00,0,6,1,BenQ XL2546,240,RTX 3080,1280x960,4:3,STR,VAXEE PA Summer22,Logitech G Pro X Mechanical Keyboard,Corsair HS80,CONFIG
95,Apeks (B),shox,Rifler,Zowie FK1-C,"1,000",400,3.00,900,1.00,0,5,0,BenQ XL2546K,240,RTX 2080 Ti,1680x1050,16:10,BB,Corsair MM350 Champion Series,Razer Huntsman V2,Corsair HS80,CONFIG
"1,002",Streamer,ScreaM,Rifler,FinalMouse Ultralight 2,500,400,2.35,940,1.00,0,6,1,Alienware AW2521H,360,RTX 3080,800x600,4:3,BB,SteelSeries QcK Heavy,SteelSeries 6Gv2,Sennheiser GAME ZERO SE,CONFIG
36,HEET,bodyy,Rifler,Logitech G Pro X Superlight Black,"1,000",400,1.67,668,1.00,0,6,1,BenQ XL2546K,240,RTX 3080,1152x864,4:3,STR,Logitech G640,Logitech RGB G810,Logitech G433,CONFIG
"1,000",Free Agent,Snax,AWPer,Zowie FK2-C,"1,000",400,2.06,824,0.92,0,6,1,BenQ XL2546K,240,RTX 3080 Ti,1024x768,4:3,BB,Zowie G-SR-SE Red Edition,Logitech G915 TKL,Sennheiser GAME ZERO,CONFIG
105,HONORIS,NEO,Rifler,Zowie EC2-B Divina Edition,500,800,0.96,768,1.00,0,6,0,BenQ XL2540,240,GTX 1080,1024x768,4:3,BB,SteelSeries QcK Heavy,SteelSeries APEX M750 TKL White,SteelSeries Arctis Pro White,CONFIG
105,HONORIS,TaZ,Rifler,Xtrfy M4 White,500,400,1.55,620,0.90,0,6,1,BenQ XL2540,240,RTX 3080,1024x768,4:3,STR,SteelSeries QcK Heavy,SteelSeries APEX M750 TKL,Logitech G Pro X Wireless Headset,CONFIG
806,UNGENTIUM,byali,Rifler,Razer DeathAdder V3 Pro,"4,000",400,1.70,680,0.90,0,6,1,ASUS ROG Swift PG259QN,360,RTX 2080,1680x1050,16:10,STR,Logitech G640,Xtrfy K4-RGB TKL,Sennheiser GAME ZERO,CONFIG
"1,002",Streamer,pashaBiceps,Rifler,SteelSeries Prime Wireless,500,400,1.40,560,1.00,0,6,1,BenQ XL2540,240,RTX 3090,1280x960,4:3,STR,SteelSeries QcK Heavy,SteelSeries Apex Pro,SteelSeries Arctis 7 White Edition,CONFIG
20,MIBR,HEN1,AWPer,Zowie EC2-A White Edition,"1,000",400,3.80,"1,520",1.10,0,4,1,BenQ XL2546,240,GTX 1080,1024x768,4:3,BB,VAXEE PA OUTSET,HyperX Alloy FPS RGB,HyperX Cloud Alpha S,CONFIG
"1,000",Free Agent,LUCAS1,Rifler,Zowie EC2-A White Edition,"1,000",400,2.00,800,1.00,0,6,1,BenQ XL2546,240,RTX 2080,1024x768,4:3,STR,Razer Gigantus MIBR Edition,Razer BlackWidow X Chroma ME,Razer Kraken 7.1 V2 MW Edition,CONFIG
667,Case,steel,Rifler,SteelSeries Sensei Ten,"1,000",400,1.60,640,0.65,0,6,1,BenQ XL2546,240,GTX 1080,1024x768,4:3,BB,SteelSeries QcK Heavy,Logitech G915 TKL,Logitech G Pro X Headset,CONFIG
102,Fluxo,felps,Rifler,Zowie EC2-A,125,400,2.00,800,1.00,0,6,1,BenQ XL2546K,240,RTX 2080 Ti,1280x1024,5:4,STR,Logitech G640,HyperX Alloy FPS,GFallen Morcego White,CONFIG
14,Imperial,boltz,Rifler,Logitech G Pro X Superlight Black,"1,000",400,2.50,"1,000",1.00,0,6,1,BenQ XL2546K,240,RTX 3080,1280x960,4:3,STR,SteelSeries QcK+,GFallen Falcao Peregrino V3,Fallen Morcego Preto,CONFIG
"1,000",Free Agent,tarik,Rifler,Razer DeathAdder V3 Pro,500,800,1.50,"1,200",1.00,0,6,1,BenQ XL2546,144,RTX 3080 Ti,1280x960,4:3,STR,Lethal Gaming Gear Saturn Pro,Logitech G Pro Mechanical Keyboard,Sennheiser G4ME ONE,CONFIG
34,EG,stanislaw,Rifler,Razer Viper Ultimate,"1,000",400,2.50,"1,000",0.80,0,6,1,BenQ XL2546,240,GTX 1080 Ti,1280x960,4:3,BB,Zowie G-SR,HyperX Alloy FPS,Razer Kraken Pro V2,CONFIG
13,Liquid,NAF,Rifler,Logitech G Pro X Superlight White,"1,000",400,1.60,640,0.80,0,6,1,Alienware AW2521H,360,GTX 1080 Ti,1280x960,4:3,STR,SteelSeries QcK Heavy,Custom Keyboard,Sennheiser GSP 600,CONFIG
34,EG,RUSH,Rifler,Logitech G Pro X Superlight Black,"1,000",400,2.40,960,1.00,0,6,1,BenQ XL2546,240,RTX 2080 Ti,1024x768,4:3,STR,HyperX FURY S Speed Edition,HyperX Alloy Elite 2,HyperX Cloud Alpha S,CONFIG
"1,000",Free Agent,Dosia,Rifler,Logitech G Pro X Superlight Black,"1,000",400,2.80,"1,120",1.00,0,6,1,BenQ XL2540,240,RTX 3080,1920x1080,16:9,,SteelSeries QcK Heavy,HyperX Alloy FPS RGB,Logitech G Pro X Headset,CONFIG
"1,000",Free Agent,mou,AWPer,VAXEE ZYGEN NP-01,"1,000",400,2.70,"1,080",0.91,0,6,0,BenQ XL2540,240,GTX 1080 Ti,1024x768,4:3,BB,SteelSeries QcK Heavy,Logitech G Pro X Mechanical Keyboard,Logitech G Pro X Headset,CONFIG
"1,000",Free Agent,AdreN,Rifler,Xtrfy M4 Black,"1,000",800,1.10,880,0.85,0,6,1,BenQ XL2546,240,RTX 2080 Ti,1152x864,4:3,STR,SteelSeries QcK Heavy,Lenovo Legion K500,Lenovo H500 Pro,CONFIG
3,Cloud9,HObbit,Rifler,Logitech G Pro X Superlight Magenta,"1,000",800,1.10,880,0.86,0,6,1,BenQ XL2540,240,RTX 2080,1280x960,4:3,BB,Esports Tiger SE Qin,Xtrfy K5 Compact RGB,HyperX Cloud II,CONFIG
"1,002",Streamer,Pimp,Rifler,SteelSeries Prime Wireless,"1,000",800,1.40,"1,120",1.00,0,6,1,BenQ XL2546 Divina Blue Edition,240,RTX 2080,1920x1080,16:9,,SteelSeries QcK Heavy,Xtrfy K4-RGB TKL White,SteelSeries Arctis 7,CONFIG
779,Astralis Talent (C),MODDII,Rifler,Zowie EC1-A,500,400,2.20,880,1.00,0,6,1,BenQ XL2546,240,GTX 1080,800x600,4:3,BB,Zowie G-SR Blue Edition,Xtrfy K2-RGB,Sennheiser GAME ZERO,CONFIG
10,Astralis,gla1ve,Rifler,Razer DeathAdder V3 Pro White,"4,000",400,2.10,840,1.00,0,6,1,BenQ XL2546K,240,RTX 3080,1280x960,4:3,STR,Logitech G640,Logitech G Pro Mechanical Keyboard,Logitech G Pro X Headset,CONFIG
18,ENCE,valde,Rifler,VAXEE XE,"1,000",400,1.65,660,1.00,0,6,1,BenQ XL2546,240,GTX 1080 Ti,1024x768,4:3,STR,SteelSeries QcK Heavy,Logitech G413,SteelSeries Arctis Pro,CONFIG
18,ENCE,Snappi,Rifler,Logitech G Pro X Superlight White,"1,000",400,1.95,780,1.00,0,6,1,BenQ XL2546,240,GTX 1080,1280x960,4:3,STR,Logitech G640 ENCE Edition,Logitech G Pro X Mechanical Keyboard,Logitech G Pro X Headset,CONFIG
832,Steel Helmet,Mo,Rifler,Zowie EC2-B,"1,000",800,0.80,640,0.90,0,6,1,BenQ XL2546,240,RTX 2080 Ti,1280x960,4:3,BB,Zowie G-SR,Xtrfy K4-RGB TKL,Sennheiser GAME ZERO,CONFIG
116,Wings Up,DD,Rifler,Zowie S2 Divina Edition,"1,000",400,2.40,960,1.20,0,6,1,BenQ XL2546,240,RTX 2080 Ti,1600x900,16:9,,Zowie G-SR,SteelSeries Apex M500,SteelSeries Siberia v2,CONFIG
95,Apeks,BnTeT,Rifler,Logitech G Pro X Superlight White,"1,000",810,1.10,668,1.10,0,5,0,BenQ XL2546,240,RTX 2080 Ti,1024x768,4:3,BB,SteelSeries QcK Heavy,SteelSeries Apex Pro,HyperX Cloud II,CONFIG
29,SINNERS,Zero,Rifler,Zowie S1,"1,000",800,0.95,760,1.00,0,6,1,BenQ XL2546,240,RTX 3080,1920x1080,16:9,,NovelKeys Camping Deskpad,,beyerdynamic DT 900 Pro X,CONFIG
95,Apeks,STYKO,Rifler,Razer DeathAdder V3 Pro,"1,000",400,1.40,560,0.80,0,6,1,ASUS ROG Swift PG259QN,360,RTX 2080,1920x1080,16:9,,Xtrfy GP4,Logitech G915 TKL,Logitech G Pro X Headset,CONFIG
"1,000",Free Agent,AZR,Rifler,SteelSeries Sensei Ten,"1,000",400,2.40,960,1.00,0,5,1,BenQ XL2546,240,GTX 1080 Ti,1024x768,4:3,BB,SteelSeries QcK Heavy,HyperX Alloy FPS,HyperX Cloud Revolver S,CONFIG
9,G2,jks,Rifler,Razer DeathAdder V3 Pro,"4,000",400,1.70,680,1.00,0,6,1,BenQ XL2546K,240,GTX 1080 Ti,1024x768,4:3,BB,Zowie G-SR,Ducky One 2 White LED,HyperX Cloud II,CONFIG
"1,000",Free Agent,USTILO,Rifler,Logitech G Pro X Superlight Black,"1,000",800,1.20,960,1.00,0,6,1,Alienware AW2521HF,240,RTX 2080 Super,1280x960,4:3,STR,Logitech G640,Logitech G Pro X Mechanical Keyboard,Logitech G Pro X Headset,CONFIG
803,Benched Heroes,MICHU,Rifler,Razer DeathAdder V3 Pro,"1,000",800,0.47,376,0.85,0,6,1,BenQ XL2546K,240,RTX 3080,1280x960,4:3,STR,Zowie G-SR,Razer BlackWidow V3 TKL,EPOS H6PRO White,CONFIG
88,9INE,SZPERO,AWPer,Razer DeathAdder V3 Pro,"1,000",800,0.90,720,1.00,0,6,1,BenQ XL2546,240,GTX 1080,1280x1024,5:4,STR,Zowie G-SR,Logitech G Pro X Mechanical Keyboard,Sennheiser GAME ZERO,CONFIG
"1,000",Free Agent,mouz,Rifler,Zowie EC2-A,"1,000",400,1.70,680,1.00,0,6,1,BenQ XL2540,240,GTX 1070,1280x960,4:3,STR,Xtrfy XGP1-L4,CM Storm Quickfire,Sennheiser PC360,CONFIG
"1,000",Free Agent,rallen,Rifler,Logitech G Pro Wireless,500,"1,800",1.20,"2,160",1.00,0,6,0,BenQ XL2540,240,GTX 1080 Ti,1440x1080,4:3,STR,Zowie G-SR,Razer BlackWidow Chroma TE V2 QE,HyperX Cloud Alpha,CONFIG
44,AGO,Furlan,Rifler,Razer DeathAdder V3 Pro,"1,000",800,1.30,"1,040",1.00,0,6,1,BenQ XL2546K,240,GTX 1080,1440x1080,4:3,STR,Razer Gigantus V2,Razer Huntsman V2 TKL,Razer BlackShark V2 Pro,CONFIG
6,NiP,REZ,Rifler,Logitech G Pro X Superlight White,"1,000",400,2.30,920,0.80,0,6,1,BenQ XL2546K,240,RTX 3080,1920x1080,16:9,,Razer Gigantus V2,Razer BlackWidow V3 TKL,Razer BlackShark V2 Pro,CONFIG
801,Into The Breach,draken,AWPer,Logitech G Pro Wireless,"1,000",400,2.00,800,1.00,0,6,1,BenQ XL2546K,240,GTX 1080 Ti,1280x800,16:10,BB,Xtrfy GP1 draken Edition,Xtrfy K4-RGB TKL,HyperX Cloud II,CONFIG
2,FaZe Clan,Twistzz,Rifler,Logitech G Pro X Superlight Magenta,"1,000",400,1.70,680,1.00,0,6,1,BenQ XL2546K,240,RTX 3070,1280x960,4:3,STR,Zowie G-SR-SE Rouge,Razer Huntsman V2,SteelSeries Arctis Nova Pro Wireless,CONFIG
15,Eternal Fire,XANTARES,Rifler,Zowie FK1-C,"1,000",400,2.00,800,1.10,1,6,1,BenQ XL2546K,240,RTX 3080,1024x768,4:3,STR,Logitech G640,Corsair K70 RGB MK.2,Corsair Void RGB Elite White,CONFIG
27,OG,niko,Rifler,Razer DeathAdder V3 Pro,"1,000",400,1.30,520,1.00,0,6,1,BenQ XL2546,240,GTX 1080,1920x1080,16:9,,SteelSeries QcK Heavy,Xtrfy K2-RGB White Edition,SteelSeries Arctis Pro,CONFIG
14,Imperial (C) (S),fnx,Rifler,Razer Viper V2 Pro White,500,400,2.20,880,1.00,0,6,1,AOC AG251FZ,240,RTX 3080,1280x960,4:3,STR,HyperX FURY S Speed Edition,Fallen Ace,Fallen Morcego Preto,CONFIG
7,BIG,tabseN,Rifler,Logitech G Pro X Superlight White,"1,000",400,1.28,512,1.10,0,6,1,ASUS ROG Swift PG259QN,360,RTX 3080,1920x1080,16:9,,Corsair MM250,Corsair K63,Corsair VOID Pro White,CONFIG
"1,002",Streamer,Maniac,Rifler,Logitech G Pro X Superlight Black,"1,000",800,1.05,840,1.00,0,6,1,ASUS ROG Swift PG259QN,240,RTX 3080,1920x1080,16:9,,Logitech G640,Logitech G Pro Mechanical Keyboard,Logitech G Pro X Wireless Headset,CONFIG
"1,000",Free Agent,ALEX,Rifler,Zowie EC1-A,"1,000",400,2.00,800,1.05,0,6,1,BenQ XL2546,240,RTX 2080 Ti,1280x960,4:3,STR,Zowie G-SR,Razer BlackWidow Elite,Fnatic REACT,CONFIG
5,Heroic,cadiaN,AWPer,Logitech G Pro X Superlight Black,"1,000",400,2.40,960,1.00,0,6,1,BenQ XL2546K,240,RTX 3080,1280x960,4:3,STR,SteelSeries QcK Heavy,Xtrfy K4-RGB TKL White,SteelSeries Arctis Pro,CONFIG
"1,000",Free Agent,tenzki,Rifler,Razer DeathAdder V3 Pro,"1,000",400,1.80,720,1.00,0,6,1,BenQ XL2546 Divina Blue Edition,240,GTX 1080 Ti,1280x960,4:3,STR,Zowie G-SR-SE,Xtrfy K2-RGB,HyperX Cloud II,CONFIG
"1,000",Free Agent,bubble,AWPer,Zowie EC2-A White Edition,"1,000",400,1.75,700,1.00,0,6,1,BenQ XL2546,240,GTX 1080,1920x1080,16:9,,SteelSeries QcK Heavy,Xtrfy K2-RGB,Xtrfy H1,CONFIG
815,K1CK,v1c7oR,Rifler,Logitech G Pro X Superlight Black,"1,000",800,0.64,512,1.00,0,6,1,BenQ XL2546K,240,RTX 3070,1280x960,4:3,BB,Logitech G640,Logitech G512,Logitech G Pro X Headset,CONFIG
"1,002",Streamer,seangares,Rifler,HyperX Pulsefire Haste,"1,000",400,1.90,760,1.00,1,6,0,BenQ XL2546,240,GTX 980 Ti,1680x1050,16:10,STR,HyperX FURY S Pro,HyperX Alloy FPS RGB,HyperX Cloud Alpha GE,CONFIG
"1,000",Free Agent,chrisJ,AWPer,Dream Machines DM2 Comfy,"1,000",800,1.19,952,1.00,0,6,1,BenQ XL2546,240,GTX 1080 Ti,1280x1024,5:4,STR,Razer Gigantus Team Razer Edition,Razer BlackWidow Chroma TE V2,Razer Kraken Pro V2,CONFIG
"1,000",Free Agent,Maikelele,AWPer,Logitech G Pro X Superlight Black,500,400,2.20,880,1.00,0,6,1,BenQ XL2540,240,RTX 2080 Super,1280x800,16:10,STR,Razer Gigantus,Xtrfy K2-RGB,HyperX Cloud II,
812,Fourteen,fox,AWPer,Zowie S2 Divina Edition,"1,000",400,4.70,"1,880",1.00,0,6,1,BenQ XL2546,240,GTX 1070,1024x768,4:3,STR,Fox Gear FWP,Ozone Gaming Strike Pro,HyperX Cloud II,CONFIG
95,Apeks,jkaem,Rifler,Zowie EC1-A,"1,000",400,1.60,640,1.00,0,5,1,BenQ XL2546,240,GTX 1080 Ti,1024x768,4:3,STR,SteelSeries QcK Heavy,HyperX Alloy FPS,HyperX Cloud II,CONFIG
"1,000",Free Agent,cromen,Rifler,Zowie EC2-B Divina Edition,"1,000",800,0.85,680,0.87,0,6,1,BenQ XL2540,240,RTX 2080 Ti,1024x768,4:3,STR,SteelSeries QcK Heavy,SteelSeries APEX M750,HyperX Cloud II,CONFIG
73,Finest,PlesseN,Rifler,Zowie EC2-A,"1,000",400,3.00,"1,200",1.00,0,6,1,BenQ XL2546,240,RTX 2080,1024x768,4:3,STR,Zowie G-SR DG,Xtrfy K2-RGB,HyperX Cloud I,CONFIG
830,Savage,Golden,Rifler,Zowie EC2-A,"1,000",400,1.60,640,1.00,0,6,1,BenQ XL2540,240,GTX 1080 Ti,1280x960,4:3,STR,Fnatic Gear DASH,Fnatic Gear Streak,Fnatic REACT,CONFIG
15,Eternal Fire,Calyx,Rifler,Zowie FK1-B,"1,000",800,1.30,"1,040",1.00,0,6,1,BenQ XL2546,240,RTX 3070,1280x960,4:3,STR,VAXEE PA ZYGEN,Corsair K-70 RGB,HyperX Cloud II,CONFIG
"1,000",Free Agent,Nifty,AWPer,Logitech G Pro X Superlight Black,500,400,2.20,880,1.00,0,6,1,BenQ XL2546,240,GTX 1080,1280x960,4:3,STR,SteelSeries QcK Heavy,Corsair K-70 RGB,Corsair VOID Pro White,CONFIG
832,Isurus,destiny,Rifler,Xtrfy M4 White,500,400,2.00,800,1.00,0,6,1,BenQ XL2546,240,RTX 3080,1440x1080,4:3,BB,HyperX FURY S Pro RC Edition,Razer BlackWidow X Chroma ME,HyperX Cloud Alpha,CONFIG
28,paiN Gaming,PKL,Rifler,Logitech G Pro Wireless,125,400,2.20,880,1.00,0,6,1,BenQ XL2546K,240,RTX 3080,1152x864,4:3,STR,SteelSeries QcK+,Multilaser TC196 Warrior,Razer HammerheadPro,CONFIG
121,O PLANO,yeL,AWPer,Logitech G Pro X Superlight Black,"1,000",800,1.30,"1,040",1.00,0,6,1,BenQ XL2546,240,GTX 1080 Ti,1280x960,4:3,BB,Logitech G640,Razer Huntsman Elite,HyperX Cloud II,CONFIG
834,Corinthians,SHOOWTiME,Rifler,Zowie ZA11,125,400,1.90,760,1.00,0,6,1,BenQ XL2546,240,GTX 1080,1280x960,4:3,STR,SteelSeries QcK Heavy,Fnatic Gear Rush G1,HyperX Cloud II,CONFIG
34,EG,Brehze,Rifler,Logitech G Pro X Superlight White,"1,000",400,3.00,"1,200",1.00,0,6,1,ASUS ROG Swift PG259QN,360,RTX 2080,1024x768,4:3,STR,VAXEE PA Y22,Logitech G915 TKL,Razer BlackShark V2,CONFIG
"1,000",Free Agent,daps,Rifler,Logitech G Pro Wireless,"1,000",400,1.70,680,1.00,0,6,1,OMEN X 27,240,GTX 1080,1152x864,4:3,BB,SteelSeries QcK Heavy,HyperX Alloy Origins Core,Beyerdynamic DT 770 Pro,CONFIG
"1,000",Free Agent,MarkE,Rifler,Zowie EC3-C,"1,000",800,1.00,800,1.00,0,6,1,BenQ XL2540,240,GTX 1080 Ti,1024x768,4:3,BB,Zowie G-SR-SE Red Edition,Razer Huntsman Elite,HyperX Cloud II,CONFIG
"1,000",Free Agent,Rickeh,Rifler,Logitech MX518 HERO,"1,000",800,1.00,800,1.00,0,4,6,Alienware AW2521HF,240,RTX 2080 Super,1680x1050,4:3,BB,Logitech G640,Logitech G512,Logitech G Pro X Headset,CONFIG
2,FaZe Clan,ropz,Rifler,Razer DeathAdder V3 Pro,"4,000",400,1.77,708,1.00,0,6,1,BenQ XL2546K,240,RTX 3080,1920x1080,16:9,,SteelSeries QcK Heavy,Razer Huntsman V2 TKL,SteelSeries Arctis Pro White,CONFIG
800,cowana,kRYSTAL,Rifler,Logitech MX518 HERO,"1,000",800,1.50,"1,200",1.00,0,6,1,BenQ XL2546,240,GTX 970,1280x960,4:3,STR,SteelSeries QcK Heavy,QPAD MK-80,HyperX Cloud II,CONFIG
50,Titans,suNny,Rifler,VAXEE ZYGEN NP-01,"1,000",800,1.55,"1,240",0.80,0,6,1,ASUS ROG Swift PG259QN,360,RTX 2080 Ti,1920x1080,16:9,,Logitech G640 ENCE Edition,Logitech G Pro Mechanical Keyboard,Logitech G Pro X Headset,CONFIG
111,HAVU,zehN,Rifler,Logitech G Pro Wireless,"1,000",400,1.50,600,1.00,0,5,1,BenQ XL2546,240,GTX 1080,1280x960,4:3,STR,Logitech G440,Corsair K-70 RGB,HyperX Cloud II,CONFIG
800,cowana,HS,Rifler,Zowie FK2,"1,000",400,2.40,960,0.90,0,6,1,BenQ XL2546K,240,RTX 3080,1920x1080,16:9,,SteelSeries QcK Heavy,Womier K66,HyperX Cloud II,CONFIG
803,Anonymo,innocent,Rifler,Logitech G703,500,800,0.90,720,1.00,0,6,1,BenQ XL2540,240,RTX 3070,1280x960,4:3,STR,Zowie G-SR DG,Logitech G Pro Mechanical Keyboard,Logitech G Pro X Wireless Headset,CONFIG
27,OG,nexa,Rifler,Zowie EC2-C,"4,000",800,1.22,976,1.00,0,6,1,BenQ XL2546,240,RTX 2080,1024x768,4:3,STR,VAXEE PA Black,Logitech G Pro X Mechanical Keyboard,Logitech G Pro X Wireless Headset,CONFIG
97,LDLC OL,AmaNEkâ€Ž,AWPer,Logitech G Pro X Superlight Black,"1,000",800,1.55,"1,240",0.82,0,6,1,BenQ XL2546,240,RTX 2080,1440x1080,4:3,STR,Logitech G840,Logitech G413,Logitech G Pro X Headset,CONFIG
"1,002",Streamer,swag / brax,Rifler,Logitech MX518 HERO,"1,000",400,1.50,600,1.00,1,6,0,BenQ XL2546S,240,RTX 2080 Ti,1920x1080,16:9,,Razer Goliathus Speed,Logitech G Pro X Mechanical Keyboard,Sennheiser GAME ZERO,CONFIG
6,NiP,es3tag,AWPer,Logitech G Pro X Superlight Black,"1,000",800,1.40,"1,120",1.00,0,6,1,BenQ XL2546K,240,RTX 3080,1280x960,4:3,STR,Razer Gigantus V2,Razer BlackWidow V3 TKL,Razer BlackShark V2 Pro,CONFIG
8,CPH Flames,b0RUP,Rifler,Zowie EC2-A,"1,000",400,2.00,800,1.00,0,6,1,BenQ XL2546,240,RTX 3080,1280x960,4:3,STR,SteelSeries QcK Heavy,HyperX Alloy FPS,HyperX Cloud II,CONFIG
"1,000",Free Agent,AcilioN,Rifler,Zowie FK1+,"1,000",400,2.20,880,1.00,0,6,1,BenQ XL2546,240,RTX 2080,1680x1050,16:10,STR,Zowie G-SR DG,Xtrfy K2-RGB White Edition,Turtle Beach Elite Pro,CONFIG
111,HAVU,Hyper,Rifler,Zowie ZA12,"1,000",800,2.20,"1,760",1.00,0,6,1,BenQ XL2546K,240,GTX 1070,1920x1080,16:9,,Zowie G-SR,QPAD MK-90,Sennheiser GAME ZERO,
121,O PLANO,kNgV-,AWPer,Logitech G Pro X Superlight White,"1,000",400,3.10,"1,240",0.95,0,6,1,BenQ XL2540,240,RTX 2080,1280x960,4:3,STR,SteelSeries QcK Heavy,Razer Huntsman V2,Logitech G Pro X Headset,CONFIG
831,The Dice,DEVIL,Rifler,SteelSeries Sensei Raw,"1,000",810,0.70,576,1.00,0,5,1,BenQ XL2546K,240,GTX 1070 Ti,1024x768,4:3,STR,Zowie G-SR,Xtrfy K2-RGB,HyperX Cloud II,CONFIG
803,Benched Heroes,smooya,AWPer,Razer DeathAdder Elite,"1,000",400,1.80,720,1.14,0,6,1,BenQ XL2540,240,RTX 3080,1024x768,4:3,STR,SteelSeries QcK+,Logitech G Pro X Mechanical Keyboard,HyperX Cloud II,CONFIG
817,Golden Knights Gaming,fitch,Rifler,Zowie EC2-A,"1,000",400,1.50,600,1.00,0,6,1,BenQ XL2540,240,GTX 1080,1024x768,4:3,STR,SteelSeries QcK+,SteelSeries Apex M500,HyperX Cloud Alpha,CONFIG
124,Ex-Imperial Esportsl,horvy,Rifler,Zowie ZA12,"1,000",400,2.20,880,1.00,0,6,1,BenQ XL2546K,240,GTX 1080 Ti,1280x960,4:3,STR,Zowie G-SR-SE Divina Blue Edition,CM Storm Quickfire,HyperX Cloud II,
834,Corinthians,zqk,AWPer,Zowie EC1-A,"1,000",500,1.66,830,1.00,0,5,1,BenQ XL2546K,240,GTX 1080,1024x768,4:3,BB,SteelSeries QcK+,Razer BlackWidow Ultimate,Razer Kraken,
15,Eternal Fire,woxic,AWPer,SteelSeries Sensei Ten,"1,000","1,600",1.50,"2,400",1.00,0,6,1,BenQ XL2546,240,RTX 2080 Super,1280x960,4:3,STR,Razer Gigantus Elite,Cooler Master CK550 V2,Razer Kraken Green,CONFIG
"1,000",Free Agent,ISSAA,Rifler,Zowie EC2,500,400,2.80,"1,120",1.00,0,6,1,BenQ XL2540,240,GTX 1080 Ti,1024x768,4:3,STR,Zowie G-SR DG,Xtrfy K2-RGB,HyperX Cloud II,CONFIG
14,Imperial,chelo,Rifler,VAXEE OUTSET AX,"1,000",400,3.50,"1,400",1.00,0,6,1,BenQ XL2546,240,RTX 2080 Super,1280x960,4:3,STR,VAXEE PA FunSpark,Razer BlackWidow V3 Quartz,HyperX Cloud Alpha PE,CONFIG
121,O PLANO,NEKIZ,Rifler,Razer Viper V2 Pro,"1,000",400,2.60,"1,040",1.30,0,6,1,BenQ XL2546K,240,RTX 3080,1280x960,4:3,STR,SteelSeries QcK+,Logitech G Pro X Mechanical Keyboard,HyperX Cloud II,CONFIG
34,EG,CeRq,AWPer,ZOWIE EC2 RED V2,"1,000",400,2.20,880,0.70,0,6,1,BenQ XL2540,240,RTX 2080,1024x768,4:3,BB,Zowie G-SR,Logitech G915 TKL,Logitech G Pro X Wireless Headset,CONFIG
"1,000",Free Agent,fejtZ,Rifler,Razer Viper Ultimate,500,800,1.10,880,1.25,0,6,1,BenQ XL2540,240,GTX 1080 Ti,1024x768,4:3,STR,Razer Strider,Razer Huntsman V2 TKL,Razer BlackShark V2,
101,Illuminar,TOAO,Rifler,Razer DeathAdder V3 Pro,"4,000",800,1.10,880,1.00,0,6,1,BenQ XL2546K,240,GTX 1080 Ti,1024x768,4:3,BB,Zowie G-SR,Ozone Gaming Strike Battle,Sennheiser GAME ZERO,CONFIG
44,AGO,phr,Rifler,VAXEE OUTSET AX,"1,000",800,0.75,600,1.00,0,6,1,BenQ XL2546,240,RTX 3080,1680x1050,16:10,STR,Zowie G-SR-SE,Logitech G915 TKL,Logitech G Pro X Headset,CONFIG
806,UNGENTIUM,Gruby,Rifler,Razer Viper Ultimate,"1,000",400,1.70,680,1.25,0,6,1,BenQ XL2540,240,GTX 1070 Ti,1280x960,4:3,STR,Razer Gigantus,Razer Huntsman TE,Razer Kraken Pro V2,CONFIG
11,Vitality,ZywOo,AWPer,Razer DeathAdder V3 Pro,"1,000",400,2.00,800,0.80,0,6,1,BenQ XL2546K,240,RTX 3080,1280x960,4:3,STR,Lethal Gaming Gear Saturn Pro,Wooting 60 HE,Corsair HS80,CONFIG
20,MIBR (C),bit,Rifler,Zowie EC2-B CS:GO Edition,"1,000",400,2.30,920,1.00,0,6,0,BenQ XL2546K,240,RTX 2070,1280x1024,5:4,BB,Logitech G640,Logitech G Pro X Mechanical Keyboard,Logitech G Pro X Headset,CONFIG
6,NiP,Brollan,Rifler,Zowie EC2-C,"1,000",800,1.30,"1,040",1.00,0,6,1,BenQ XL2546K,240,RTX 3080,1280x1024,5:4,STR,Razer Gigantus V2,Razer BlackWidow V3 TKL,Razer BlackShark V2 Pro,CONFIG
6,NiP,Hampus,Rifler,Razer DeathAdder Elite,"1,000",400,1.67,668,0.78,0,6,1,BenQ XL2546K,240,RTX 3080,1280x800,16:10,STR,Razer Gigantus V2,Razer BlackWidow V3 TKL,Razer BlackShark V2 Pro,CONFIG
31,sAw,MUTiRiS,Rifler,Razer DeathAdder V2 Pro,"4,000",400,3.38,"1,352",1.00,0,5,1,BenQ XL2546K,240,RTX 3080,1280x960,4:3,BB,Corsair MM350 Champion Series,HyperX Alloy Elite,HyperX Cloud II,CONFIG
848,Run Or Die,jR,AWPer,Zowie EC1-B,"1,000",800,1.00,800,1.00,0,6,1,BenQ XL2546,240,GTX 1080 Ti,1440x1080,4:3,STR,Zowie G-SR Blue Edition,HyperX Alloy FPS,HyperX Cloud II,CONFIG
45,Entropiq,mir,Rifler,Zowie EC2 Tyloo Edition,"1,000",400,1.55,620,1.00,0,6,1,BenQ XL2546K,240,RTX 3080,1280x960,4:3,STR,SteelSeries QcK Heavy,Ducky One 2 TKL White,HyperX Cloud II,CONFIG
16,Spirit,chopper,Rifler,VAXEE ZYGEN NP-01S Pink,"1,000",400,1.40,560,0.80,0,6,1,BenQ XL2546K,240,RTX 3070 Ti,1024x768,4:3,BB,Zowie G-SR-SE Rouge,Ducky One 2 TKL RGB,HyperX Cloud II,CONFIG
"1,000",Free Agent,hutji,Rifler,Zowie ZA12,500,800,1.10,880,1.00,0,6,1,BenQ XL2546,240,GTX 1080 Ti,1280x960,4:3,STR,Zowie G-SR Blue Edition,HyperX Alloy FPS,HyperX Cloud II,CONFIG
12,Outsiders,Buster,Rifler,Zowie ZA12-B,"1,000",400,2.20,880,1.00,0,6,1,BenQ XL2546K,240,GTX 1080 Ti,1280x960,4:3,STR,VAXEE PA FunSpark,HyperX Alloy Elite 2,HyperX Cloud Alpha S BE,CONFIG
12,Outsiders,Jame,AWPer,Razer DeathAdder V3 Pro,"4,000","3,200",0.25,800,1.00,0,6,1,BenQ XL2546K,240,RTX 3080,1280x960,4:3,STR,VAXEE PA FunSpark V2,HyperX Alloy Elite 2,HyperX Cloud II,CONFIG
12,Outsiders,qikert,Rifler,Logitech G Pro X Superlight Black,"1,000",400,2.20,880,1.00,0,6,1,BenQ XL2546K,240,GTX 1080,1280x960,4:3,STR,Razer Gigantus V2,SteelSeries Apex Pro,HyperX Cloud II,CONFIG
"1,000",Free Agent,krizzen,Rifler,Zowie EC2-A,"1,000",400,2.28,912,1.00,0,7,1,BenQ XL2540,240,GTX 1080,1680x1050,16:10,STR,Zowie G-SR,Razer BlackWidow Chroma TE V2,HyperX Cloud II,CONFIG
114,NKT (B),xccurate,AWPer,Logitech G Pro X Superlight White,"1,000",400,3.00,"1,200",1.00,0,6,1,BenQ XL2546,240,RTX 2080 Ti,1280x960,4:3,STR,SteelSeries QcK+,Logitech G Pro X Mechanical Keyboard,Logitech G Pro X Wireless Headset,CONFIG
"1,000",Free Agent,jmqa,AWPer,Zowie FK2,"1,000",800,1.35,"1,080",1.00,0,6,1,BenQ XL2540,240,RTX 2080 Super,1920x1080,16:9,,Zowie G-SR,HyperX Alloy FPS RGB,Logitech G Pro X Headset,CONFIG
"1,000",Free Agent,Kvik,Rifler,Logitech G Pro X Superlight Black,"1,000",400,1.40,560,1.00,0,6,1,BenQ XL2546,240,GTX 1080 Ti,1024x768,4:3,STR,Logitech G640,SteelSeries Apex Pro,HyperX Cloud II,CONFIG
"1,000",Free Agent,Boombl4,Rifler,Zowie EC1,"1,000",400,1.45,580,0.86,0,6,1,BenQ XL2546,240,RTX 3090,1280x960,4:3,STR,Logitech G640,SteelSeries APEX M750 TKL,Logitech G Pro X Headset,CONFIG
167,Falcons Esports,hAdji,Rifler,Razer DeathAdder V3 Pro,"1,000",400,2.00,800,1.00,0,6,1,BenQ XL2546,240,GTX 1080 Ti,1024x768,4:3,STR,Corsair MM200,Logitech G Pro Mechanical Keyboard,Sennheiser GSP 600,CONFIG
"1,000",Free Agent,gade,Rifler,Logitech G Pro X Superlight Black,"1,000",400,2.20,880,1.00,0,6,1,BenQ XL2546,240,GTX 1080 Ti,1280x960,4:3,STR,Zowie G-SR,HyperX Alloy FPS,Corsair HS80,CONFIG
"1,000",Free Agent,waterfallz,AWPer,Zowie EC2-A,"1,000","1,600",0.90,"1,440",1.00,0,6,1,BenQ XL2546,240,GTX 1080 Ti,1280x960,4:3,STR,Zowie G-TFX,Razer BlackWidow X TE Chroma,Sennheiser GSP 600,CONFIG
"1,000",Free Agent,NaToSaphiX,AWPer,Logitech G Pro X Superlight Black,"1,000",800,1.00,800,1.00,1,6,1,BenQ XL2546,240,GTX 1080,1920x1080,16:9,,SteelSeries QcK+ CS:GO Edition,Corsair K65 Rapidfire,Logitech G Pro X Headset,CONFIG
"1,000",Free Agent,EspiranTo,Rifler,Logitech G Pro X Superlight Black,"1,000",400,1.55,620,1.15,0,6,1,BenQ XL2540,240,GTX 1060,1280x960,4:3,STR,Logitech G640,Logitech G Pro X Mechanical Keyboard,Xtrfy H1,CONFIG
7,BIG,tizian,Rifler,Razer Viper V2 Pro,"1,000",400,1.70,680,1.00,0,6,1,BenQ XL2540,240,RTX 3080,1920x1080,16:9,,Corsair MM350 Champion Series,Corsair K70 RGB MK.2,Corsair Void RGB Elite White,CONFIG
106,Mythic,fl0m,AWPer,SteelSeries Prime Wireless,"1,000",800,1.50,"1,200",1.00,0,6,1,Samsung Odyssey G7,240,RTX 3080,2560x1440,16:9,,SteelSeries QcK Heavy,SteelSeries APEX M750,SteelSeries Arctis Nova Pro,CONFIG
"1,000",Free Agent (C),adreN,Rifler,Logitech G Pro Wireless,"1,000",400,2.25,900,0.90,0,6,1,BenQ XL2540,240,GTX 1080 Ti,1024x768,4:3,BB,Razer Gigantus,Razer Huntsman Elite,HyperX Cloud II PE,CONFIG
33,MOUZ (C),sycrone,Rifler,Razer DeathAdder V3 Pro,"1,000",400,1.80,720,1.00,0,6,1,BenQ XL2546K,240,GTX 1080,1024x768,4:3,STR,SteelSeries QcK Heavy,HyperX Alloy FPS,HyperX Cloud II,CONFIG
"1,002",Streamer,TenZ,Rifler,Logitech G Pro X Superlight Black,"1,000",800,1.40,"1,120",1.00,0,6,1,ASUS ROG Swift PG259QN,360,RTX 3090,1280x960,4:3,STR,Zowie G-SR-SE,HyperX Alloy Origins Core,Sennheiser GAME ZERO,CONFIG
"1,000",Free Agent,D0cC,Rifler,Razer DeathAdder V3 Pro,"1,000",400,1.40,560,1.00,0,6,1,BenQ XL2546,240,RTX 3080,1280x960,4:3,STR,VAXEE PA ZYGEN,Razer Huntsman V2 TKL,HyperX Cloud II,CONFIG
33,MOUZ,Frozen,Rifler,Razer DeathAdder V3 Pro,"4,000",400,1.90,760,0.90,0,6,1,BenQ XL2546,240,RTX 2080 Ti,1024x768,16:9,BB,Razer Gigantus V2,Razer Huntsman V2 TKL,Razer BlackShark V2,CONFIG
99,PACT,minise,Rifler,Zowie FK2 White Edition,"1,000",800,1.70,"1,360",1.00,0,6,1,BenQ XL2540,240,GTX 970,1280x960,4:3,STR,HyperX FURY S Pro,Roccat Suora FX,HyperX Cloud II,
125,GORILLAZ,sergej,Rifler,FinalMouse Ultralight 2,500,400,2.20,880,1.00,0,6,1,ASUS ROG Swift PG259QN,360,RTX 2080 Ti,1680x1050,16:10,STR,Logitech G640 ENCE Edition,Logitech G915 TKL,Logitech G Pro X Headset,CONFIG
111,HAVU,Aerial,Rifler,Zowie EC2-A,"1,000",400,2.20,880,1.00,0,6,1,ASUS ROG Swift PG259QN,360,RTX 3080,1024x768,4:3,BB,ASUS ENCE Edition,Logitech G513,Logitech G Pro X Headset,CONFIG
6,NiP,Aleksib,Rifler,Logitech G Pro Wireless,"1,000",800,1.05,840,0.95,0,6,1,BenQ XL2546,240,RTX 2080 Ti,1440x1080,4:3,STR,Logitech G640,Logitech G915 TKL,Logitech G Pro X Headset,CONFIG
106,Mythic,Cooper,Rifler,Zowie EC1,"1,000",800,1.20,960,1.00,0,6,1,BenQ XL2546,240,GTX 1080 Ti,1920x1080,16:9,,HyperX FURY S Pro,Logitech G Pro Mechanical Keyboard,HyperX Cloud II,CONFIG
185,1WIN,lollipop21k,Rifler,Zowie EC2,"1,000",800,1.21,968,0.80,0,6,1,BenQ XL2540,240,RTX 3080,1280x690,4:3,STR,SteelSeries QcK Heavy,Varmilo VA87M,Sennheiser GSP 600,CONFIG
44,AGO,snatchie,AWPer,Zowie S1 Divina Edition,"1,000",400,1.35,540,1.00,0,6,1,BenQ XL2546,240,GTX 1080,1024x768,4:3,STR,Zowie G-SR DG,Ozone Gaming Strike Battle,Sennheiser GSP 600,CONFIG
"1,000",Free Agent,oBo,Rifler,Zowie EC2-B Divina Edition,"1,000",400,2.20,880,1.00,0,6,1,BenQ XL2546,240,RTX 2080 Ti,1024x768,4:3,BB,SteelSeries QcK Heavy,HyperX Alloy FPS Pro,HyperX Cloud II,CONFIG
184,INDE IRAE,DavCost,AWPer,SteelSeries Rival 300 Fade,"1,000",800,1.10,880,1.00,0,6,1,BenQ XL2546,240,GTX 1080,1600x1024,,BB,SteelSeries QcK Heavy,Zowie Celeritas II,HyperX Cloud II,CONFIG
1,NaVi,sdy,Rifler,Logitech G Pro X Superlight White,"1,000",800,1.00,800,1.00,0,6,1,BenQ XL2546K,240,RTX 3080,1280x1024,5:4,STR,Logitech G640,Logitech G Pro X Mechanical Keyboard,Logitech G Pro X Headset,CONFIG
15,Eternal Fire,imoRR,Rifler,Razer DeathAdder V3 Pro,"1,000",400,2.20,880,1.00,0,6,1,BenQ XL2546K,240,RTX 3070,1280x960,4:3,STR,SteelSeries QcK+,HyperX Alloy FPS,HyperX Cloud II Wireless,CONFIG
4,FURIA,kscerato,Rifler,Logitech G Pro X Superlight Custom,"1,000",800,1.34,"1,069",1.00,0,5,1,BenQ XL2546K,240,RTX 2080 Ti,1280x960,4:3,STR,SteelSeries QcK Heavy,HyperX Alloy Origins,HyperX Cloud Orbit,CONFIG
"1,000",Free Agent,balblna,Rifler,Zowie EC1-A,"1,000",400,3.00,"1,200",1.00,0,6,1,BenQ XL2546,240,GTX 1080 Ti,1920x1080,16:9,,Zowie G-SR-SE,Ozone Gaming Strike Battle,Sennheiser GSP 600,CONFIG
101,Illuminar,morelz,Rifler,Glorious Model O White,"1,000",800,0.71,568,1.00,1,6,1,BenQ XL2540,240,RTX 2070,1920x1080,16:9,,Zowie G-SR-SE Divina Blue Edition,Logitech G513,Sennheiser GAME ZERO,CONFIG
24,Grayhound,Liazz,Rifler,Zowie EC2-B,500,800,0.95,760,1.00,0,6,1,BenQ XL2546,240,GTX 1080 Ti,1280x960,4:3,STR,Zowie G-SR,HyperX Alloy FPS,HyperX Cloud II,CONFIG
32,Extremum,Gratisfaction,AWPer,Logitech MX518 HERO,"1,000",800,1.19,950,1.00,0,4,1,BenQ XL2546,240,GTX 1080 Ti,1920x1080,16:9,,Razer Goliathus Control,Logitech G513,HyperX Cloud II,CONFIG
843,S-Gaming,1mpala,AWPer,Xtrfy M42 Pink,"1,000","1,600",1.57,"2,512",1.00,0,6,1,ASUS ROG Swift PG259QN,360,RTX 3080,1920x1080,16:9,,Xtrfy GP4 Street Pink,Ducky One 2 RGB,HyperX Cloud Alpha Purple,CONFIG
12,Outsiders,n0rb3r7,Rifler,Logitech G Pro X Superlight Black,"1,000",800,1.35,"1,080",1.00,0,6,1,BenQ XL2546K,240,GTX 1080 Ti,1280x800,16:10,STR,VAXEE PA FunSpark V2,Xtrfy K4-RGB TKL White,HyperX Cloud Alpha PE,CONFIG
10,Astralis,blameF,Rifler,Logitech G Pro X Superlight Magenta,"1,000",400,1.40,560,1.20,0,6,1,BenQ XL2540,240,RTX 3080,1280x960,4:3,STR,Logitech G640,Logitech G512,Logitech G Pro X Headset,CONFIG
3,Cloud9,Ax1Le,Rifler,Zowie EC2-C,"1,000",800,1.50,"1,200",1.00,0,6,1,BenQ XL2546K,240,RTX 3080,1280x960,4:3,BB,Razer Goliathus Control,HyperX Alloy FPS,HyperX Cloud II,CONFIG
36,HEET,Lucky,Rifler,Zowie EC2-A,"1,000",400,3.09,"1,236",1.10,0,6,0,BenQ XL2546K,240,RTX 3080,1280x960,4:3,STR,Zowie G-SR,Logitech RGB G810,Logitech G Pro X Headset,CONFIG
36,HEET,JACKZ,Rifler,Logitech G Pro X Superlight Black,"1,000",400,1.66,664,1.00,0,6,0,BenQ XL2546,240,RTX 2080,1024x768,4:3,STR,Zowie G-SR,Logitech G513,Logitech G Pro X Headset,CONFIG
"1,000",Free Agent,radifaction,Rifler,Zowie ZA11,"1,000",800,0.92,740,1.10,0,6,1,BenQ XL2546,240,GTX 1060,1280x960,4:3,STR,Zowie G-SR,Corsair K65 Rapidfire,Sennheiser GAME ZERO,
30,Sprout,refrezh,Rifler,Logitech G Pro X Superlight Black,"1,000",400,1.90,760,1.00,0,6,1,BenQ XL2546K,240,RTX 3080,1920x1080,16:9,,Zowie G-SR,HyperX Alloy FPS,Turtle Beach Elite Atlas Pro,CONFIG
9,G2,huNter,Rifler,Logitech G Pro X Superlight Black,"1,000",400,2.17,868,1.00,0,6,1,BenQ XL2546,240,RTX 2080,1280x960,4:3,STR,Logitech G640,Logitech G915 TKL White,Logitech G Pro X Headset,CONFIG
71,Tyloo (B),Attacker,Rifler,ZOWIE FK2-B,"1,000",400,2.30,920,1.00,0,6,1,BenQ XL2546K,240,RTX 2080 Ti,1024x768,4:3,STR,Zowie G-SR,Logitech G915 TKL,HyperX Cloud Flight,CONFIG
111,HAVU,xseveN,Rifler,VAXEE ZYGEN NP-01S,"1,000",800,0.90,720,1.00,0,6,1,ASUS ROG Swift PG259QN,360,RTX 3080,1024x768,4:3,BB,Logitech G640,Ducky One 2 TKL RGB,Logitech G Pro X Headset,CONFIG
111,HAVU,ottoNd,AWPer,FinalMouse Ultralight 2,500,400,1.77,708,1.00,0,6,1,BenQ XL2540,240,GTX 1070,1152x864,4:3,STR,Zowie G-SR-SE Divina Blue Edition,Logitech G513,Sennheiser PC350,CONFIG
4,FURIA,arT,AWPer,Logitech G Pro X Superlight White,"1,000",800,1.80,"1,440",1.00,0,6,1,BenQ XL2546,240,GTX 1070,1280x960,4:3,STR,Esports Tiger Wuxiang 2 North Tortoise,HyperX Alloy FPS RGB,HyperX Cloud Revolver,CONFIG
4,FURIA,yuurih,Rifler,Zowie EC2,"1,000",400,2.50,"1,000",1.00,0,6,1,BenQ XL2546K,240,RTX 3080,1152x864,4:3,STR,HyperX FURY S Pro,HyperX Alloy Elite,HyperX Cloud Orbit,CONFIG
14,Imperial,VINI,Rifler,Logitech G Pro X Superlight Black,"1,000","1,600",0.48,768,1.00,0,6,1,BenQ XL2546K,240,RTX 3080,1920x1080,16:9,,Zowie G-SR-SE Rouge,Logitech G915 TKL,Xtrfy H1,CONFIG
"1,002",Streamer,ableJ,Rifler,Zowie S2 Divina Edition,"1,000",800,0.90,720,1.00,0,6,1,BenQ XL2540,240,GTX 1070 Ti,1280x960,4:3,STR,SteelSeries QcK Heavy,HyperX Alloy FPS RGB,HyperX Cloud II,CONFIG
33,MOUZ,dexter,Rifler,Razer DeathAdder V3 Pro,"4,000","1,600",0.65,"1,040",1.00,0,6,1,ASUS ROG Swift PG259QN,360,GTX 1070,1280x960,4:3,STR,Razer Goliathus Speed Cosmic,Razer BlackWidow V3 TKL,Razer BlackShark V2,CONFIG
72,Encore,sterling,AWPer,Zowie S2 Divina Edition,"1,000",400,2.20,880,1.00,0,6,1,BenQ XL2540,240,GTX 1080,1024x768,4:3,BB,Zowie G-SR-SE Red Edition,Logitech G Pro Mechanical Keyboard,Sennheiser HD 650,CONFIG
811,VERTEX,malta,Rifler,Zowie EC2-B Divina Edition,"1,000",400,1.86,744,1.00,0,5,1,BenQ XL2546K,240,GTX 1080,1440x1080,4:3,STR,Zowie G-SR,Xtrfy K2-RGB,HyperX Cloud II,CONFIG
332,Rare Atom,kaze,AWPer,Logitech G Pro X Superlight Black,"1,000","1,600",0.40,640,0.60,0,4,1,BenQ XL2546K,240,RTX 2070,1280x960,4:3,STR,Xraypad Aqua Control+,Corsair K70 RGB MK.2,HyperX Cloud Flight,CONFIG
71,Tyloo,Freeman,Rifler,Zowie FK1,"1,000",400,2.20,880,1.00,0,6,1,BenQ XL2546,240,RTX 2080 Ti,1280x960,4:3,STR,Zowie G-SR Tyloo Edition,SteelSeries Apex Pro TKL,HyperX Cloud Flight,CONFIG
28,paiN Gaming,biguzera,Rifler,Razer DeathAdder V3 Pro,"1,000",400,1.75,700,1.00,0,6,1,BenQ XL2546K,240,,1280x960,4:3,STR,HyperX FURY S Speed Edition,Corsair STRAFE,Sennheiser G4ME ONE,CONFIG
18,ENCE,dycha,Rifler,Razer DeathAdder V3 Pro,"1,000",400,2.00,800,1.00,0,6,1,BenQ XL2540,240,RTX 3070,1280x690,4:3,BB,Zowie G-SR-SE Rouge,Logitech G413,Logitech G Pro X Headset,CONFIG
41,Nemiga,iDISBALANCE,AWPer,Logitech G Pro X Superlight White,"1,000",800,1.35,"1,080",1.00,0,6,1,BenQ XL2546K,240,RTX 3080,1152x864,4:3,BB,Logitech G640,Logitech G Pro X Mechanical Keyboard,Sennheiser GAME ZERO,CONFIG
5,Heroic,stavn,Rifler,Zowie EC2-A,"1,000",400,2.60,"1,040",1.00,0,6,1,BenQ XL2546K,240,RTX 3080,1024x768,4:3,BB,SteelSeries QcK Heavy,SteelSeries Apex Pro TKL,HyperX Cloud II,CONFIG
95,Apeks,nawwk,AWPer,Logitech G Pro X Superlight White,"1,000",400,3.09,"1,236",1.00,0,6,1,BenQ XL2546,240,RTX 2080,1280x960,4:3,STR,Zowie G-SR,HyperX Alloy FPS RGB,Logitech G Pro X Headset,CONFIG
842,ATK,motm,Rifler,Razer Viper Ultimate,"1,000",400,2.00,800,1.00,0,6,1,BenQ XL2546,240,GTX 1080,1280x960,4:3,STR,Zowie G-SR,HyperX Alloy FPS,Sennheiser GAME ZERO,CONFIG
"1,000",Free Agent,poizon,AWPer,Logitech G Pro X Superlight Black,"1,000",400,1.85,740,1.00,0,6,1,BenQ XL2546K,240,RTX 2080,1024x768,4:3,BB,Logitech G640,Logitech G Pro X Mechanical Keyboard,Logitech G Pro X Headset,CONFIG
7,BIG,k1to,Rifler,Logitech G Pro X Superlight White,"1,000",400,1.20,480,1.10,0,6,1,BenQ XL2546K,240,RTX 3080,1152x864,4:3,STR,VAXEE PA Black,Corsair K63,Corsair VOID Pro White,CONFIG
19,coL,hallzerk,AWPer,Razer DeathAdder V3 Pro,"1,000",400,1.50,600,1.00,0,6,1,BenQ XL2546,240,GTX 1080,1920x1080,16:9,,HyperX FURY S Pro,HyperX Alloy Origins Core,HyperX Cloud Alpha,CONFIG
"1,000",Free Agent,SANJI,Rifler,Xtrfy M4 Black,"1,000",400,1.22,488,1.00,0,6,1,BenQ XL2546K,240,RTX 3080,1024x768,4:3,BB,SteelSeries QcK Heavy,HyperX Alloy FPS,HyperX Cloud II,CONFIG
114,NKT,xign,Rifler,SteelSeries Rival 110,"1,000",400,2.20,880,1.00,0,6,1,BenQ XL2540,240,,1280x960,4:3,STR,SteelSeries QcK Heavy,HyperX Alloy FPS,,
"1,000",Free Agent,OKOLICIOUZ,Rifler,Zowie EC2-B Divina Edition,"1,000",400,1.55,620,1.00,0,6,1,BenQ XL2546,240,,1024x768,4:3,STR,Zowie G-SR-SE Red Edition,Cooler Master Storm Rapid-i,HyperX Cloud II,
"1,000",Free Agent,Relaxa,Rifler,Zowie EC2-A,"1,000",400,2.40,960,1.10,0,6,1,BenQ XL2546,240,,,,,Razer Gigantus,,HyperX Cloud II,
45,Entropiq,El1an,AWPer,VAXEE ZYGEN NP-01S Yellow,500,800,1.50,"1,200",0.82,0,6,1,BenQ XL2546K,240,RTX 2070,1440x1080,4:3,BB,VAXEE PB,Logitech G915 TKL,Sennheiser GSP 600,CONFIG
35,500,SHiPZ,Rifler,Zowie EC2-B Divina Edition,"1,000",400,2.40,960,1.00,0,6,0,BenQ XL2546,240,GTX 1080,1024x768,4:3,STR,Zowie G-SR DG,HyperX Alloy FPS Pro,Sennheiser GAME ZERO,CONFIG
38,MR,DeathZz,Rifler,Razer DeathAdder V3 Pro,"1,000",400,2.25,900,1.10,0,6,1,BenQ XL2546K,240,RTX 3070,1680x1050,16:10,STR,Razer Gigantus V2,Logitech G915 TKL,Logitech G Pro X Headset,CONFIG
"1,000",Free Agent,H4RR3,Rifler,VAXEE OUTSET AX,"1,000",400,1.75,700,1.00,0,6,1,BenQ XL2540,240,,970x800,4:3,STR,Zowie G-SR,HyperX Alloy FPS,HyperX Cloud Alpha,
6,NiP (B),Plopski,Rifler,Zowie EC2-B,500,800,1.50,"1,200",1.20,0,6,1,BenQ XL2546,360,RTX 2080 Ti,1920x1080,16:9,,Xtrfy GP4,Xtrfy K4-RGB TKL,Logitech G Pro X Headset,CONFIG
801,Into The Breach,RuStY,Rifler,Zowie S2 Divina Edition,"1,000",400,1.70,680,1.00,0,6,1,BenQ XL2546,240,RTX 3080,1280x960,4:3,STR,Xtrfy XTP1 f0rest Edition,,HyperX Cloud II,CONFIG
5,Heroic,teses,Rifler,Razer DeathAdder V3 Pro White,"1,000",800,1.10,880,1.00,0,6,1,BenQ XL2546K,240,GTX 1080,1280x960,4:3,BB,SteelSeries QcK Heavy,SteelSeries Apex Pro,HyperX Cloud II,CONFIG
"1,000",Free Agent,Bubzkji,Rifler,Zowie EC2-B Divina Edition,500,400,1.50,600,1.00,0,6,1,BenQ XL2546K,240,RTX 3080,1280x960,4:3,BB,SteelSeries QcK Heavy,Xtrfy K2-RGB,Logitech G Pro X Headset,CONFIG
"1,000",Free Agent,eneshan,Rifler,Zowie FK2,"1,000",800,1.10,880,1.00,0,6,1,BenQ XL2546K,240,GTX 1060,1024x768,4:3,STR,Zowie G-SR-SE Divina Blue Edition,HyperX Alloy FPS,HyperX Cloud II,
24,Grayhound,Sico,AWPer,Zowie EC2-B,"1,000",0,0.00,0,1.00,0,6,1,BenQ XL2546K,240,GTX 1080,1024x768,4:3,STR,Zowie G-SR,Xtrfy K4 TKL RGB Retro,Xtrfy H1,CONFIG
800,cowana,Thomas,Rifler,Zowie FK2,"1,000",400,1.40,560,1.00,0,6,1,BenQ XL2546,240,,1920x1080,16:9,,HyperX FURY S Speed Edition,Razer BlackWidow X Chroma,HyperX Cloud II,
"1,000",Free Agent,grux,Rifler,Zowie S2 Divina Edition,"1,000",0,0.00,0,0.00,0,0,0,BenQ XL2546,240,,800x600,4:3,BB,SteelSeries QcK Heavy,,,
"1,000",Free Agent,Sonic,Rifler,Glorious Model D Matte White,"1,000",400,2.50,"1,000",1.00,0,6,1,BenQ XL2546,240,GTX 1080,1280x960,4:3,STR,SteelSeries QcK+,HyperX Alloy FPS Pro,HyperX Cloud II,CONFIG
3,Cloud9,sh1ro,AWPer,Logitech G Pro X Superlight White,"1,000",800,1.02,816,1.00,0,6,1,BenQ XL2546K,240,RTX 2080,1280x960,4:3,BB,Zowie G-SR,Logitech G915 TKL White,Logitech G Pro X Headset,CONFIG
"1,000",Free Agent,facecrack,Rifler,Zowie EC2-B Divina Edition,"1,000",400,1.73,690,1.00,0,6,1,BenQ XL2546,240,GTX 1080,1280x960,4:3,STR,Zowie G-SR-SE Divina Blue Edition,Cooler Master Storm Rapid-i,HyperX Cloud II,CONFIG
17,forZe,Jerry,Rifler,Zowie EC2-B Divina Edition,"1,000",400,3.00,"1,200",1.00,0,6,1,BenQ XL2546,240,GTX 2080 Ti,1024x768,4:3,BB,Zowie G-SR-SE Divina Blue Edition,HyperX Alloy FPS,HyperX Cloud II,CONFIG
837,Trident Clan,almazer,Rifler,Logitech G Pro X Superlight Black,"1,000",400,2.90,"1,160",1.00,0,6,1,ASUS ROG Swift PG259QN,360,GTX 1070,1280x960,4:3,STR,Zowie G-SR DG,HyperX Alloy FPS,HyperX Cloud Alpha,CONFIG
178,K23,xsepower,AWPer,VAXEE OUTSET AX,500,400,2.20,880,1.00,0,6,1,BenQ XL2546,240,RTX 2080,1024x768,4:3,BB,Zowie G-SR,HyperX Alloy FPS,HyperX Cloud Alpha,CONFIG
12,Outsiders,FL1T,Rifler,Xtrfy M4 Wireless White,"1,000",400,1.55,620,1.00,0,6,1,BenQ XL2546K,240,RTX 3080,1680x1050,16:10,BB,VAXEE PB,Logitech G915 TKL White,HyperX Cloud II,CONFIG
"1,000",Free Agent,speed4k,AWPer,Zowie EC2-A,"1,000",400,2.00,800,1.00,0,6,1,BenQ XL2546,240,GTX 1070,1280x960,4:3,STR,Zowie G-SR DG,HyperX Alloy Elite,HyperX Cloud II,CONFIG
45,Entropiq,Forester,Rifler,Logitech G Pro X Superlight Black,"1,000",800,0.70,560,1.00,0,6,1,BenQ XL2546K,240,GTX 1080,1280x1024,4:3,BB,HyperX FURY S Speed Edition,Logitech G Pro X Mechanical Keyboard,Logitech G Pro X Headset,CONFIG
"1,000",Free Agent,svyat,Rifler,Cooler Master MM530,"1,000","1,200",0.63,750,0.80,0,6,1,BenQ XL2546,240,GTX 1080,1920x1080,16:9,,SteelSeries QcK Heavy,ASUS ROG Claymore,HyperX Cloud II,CONFIG
"1,000",Free Agent,kinqie,Rifler,Logitech G Pro Wireless,"1,000",800,1.25,"1,000",1.00,0,6,1,BenQ XL2546,240,GTX 1080,1920x1080,16:9,,Zowie G-SR-SE Red Edition,ASUS ROG Claymore,HyperX Cloud II,CONFIG
45,Entropiq,Krad,Rifler,VAXEE OUTSET AX Yellow,"1,000",800,1.10,880,1.00,0,6,1,BenQ XL2546K,240,GTX 1070 Ti,1280x960,4:3,BB,VAXEE PA Y22,Varmilo VA87M Sakura Pink,Beyerdynamic MMX300,CONFIG
1,NaVi,Perfecto,Rifler,Logitech G Pro X Superlight Magenta,"1,000",800,1.00,800,1.00,0,6,1,BenQ XL2546K,240,RX 6900 XT,1280x960,4:3,STR,Logitech G640,Logitech G915 TKL,Logitech G Pro X Headset,CONFIG
34,EG,neaLaN,Rifler,Razer DeathAdder V3 Pro White,"1,000",400,2.00,800,0.90,0,6,1,BenQ XL2546,240,RTX 3080,1280x960,4:3,STR,VAXEE PA FunSpark,Razer Huntsman V2 TKL,HyperX Cloud II,CONFIG
"1,000",Free Agent,t0rick,Rifler,Logitech G Pro Wireless,"1,000",800,1.10,880,1.00,0,6,1,BenQ XL2546,240,GTX 1080 Ti,1024x768,4:3,STR,Zowie G-SR-SE Red Edition,Corsair K-70 RGB,HyperX Cloud II,CONFIG
49,GL,Keoz,Rifler,VAXEE XE Pink,"4,000",400,2.00,800,1.00,0,6,1,BenQ XL2546,240,GTX 1080,1280x960,4:3,STR,VAXEE PA Winter22,Razer Huntsman V2 TKL,HyperX Cloud II,CONFIG
817,Golden Knights Gaming,Ramz1k,AWPer,Zowie EC2-B Divina Edition,"1,000",400,2.90,"1,160",1.00,0,6,1,BenQ XL2546,240,GTX 960,1280x960,4:3,STR,SteelSeries QcK Heavy,Razer BlackWidow X Chroma ME,HyperX Cloud Revolver S,CONFIG
"1,002",Streamer,zerkje,Rifler,Zowie FK2,"1,000",400,2.50,"1,000",1.00,0,6,1,BenQ XL2546,240,,1280x960,4:3,STR,,SteelSeries 6Gv2,HyperX Cloud II,
"1,000",Free Agent,ImpressioN,Rifler,Xtrfy MZ1,"1,000",400,2.70,"1,080",1.00,0,6,1,BenQ XL2546,240,,1920x1080,16:9,,Artisan FX Zero XSoft,Razer BlackWidow Elite,Sennheiser GAME ZERO,
24,Grayhound,INS,Rifler,Logitech G Pro X Superlight,"1,000",800,1.20,960,1.00,0,6,1,BenQ XL2546K,240,RTX 3080,1680x1050,16:10,STR,SteelSeries QcK Heavy,iKBC CD87,HyperX Cloud II,CONFIG
71,Tyloo,DANK1NG,AWPer,Logitech G Pro X Superlight Black,"1,000",400,2.00,800,1.00,0,6,1,BenQ XL2546K,240,RTX 2080 Ti,1280x960,4:3,STR,Zowie G-SR Tyloo Edition,SteelSeries Apex Pro,HyperX Cloud Flight,CONFIG
123,Leviatan,meyern,Rifler,Zowie EC1-B,"1,000",400,2.50,"1,000",1.00,0,6,1,BenQ XL2546,240,RTX 3080,1280x960,4:3,BB,Zowie G-SR,Razer BlackWidow V3 TKL,HyperX Cloud II,CONFIG
38,MR,mopoz,Rifler,Zowie FK1+,"1,000",400,1.00,400,1.00,0,6,1,BenQ XL2546K,240,RTX 2080,1920x1080,16:9,,Zowie G-SR-SE Deep Blue,HyperX Alloy FPS,HyperX Cloud II,CONFIG
2,FaZe Clan,broky,AWPer,Logitech G Pro X Superlight White,"1,000",400,1.90,760,1.00,0,6,1,BenQ XL2546,240,RTX 2080 Ti,1280x960,4:3,STR,Artisan Zero,SteelSeries Apex 7 TKL Ghost,SteelSeries Arctis Nova Pro Wireless,CONFIG
"1,000",Free Agent,Luken,AWPer,Xtrfy M4 Wireless White,"1,000",800,1.60,"1,280",1.00,0,6,1,BenQ XL2546,240,RTX 2080,1280x800,16:10,STR,SteelSeries QcK Heavy,HyperX Alloy FPS Pro,HyperX Cloud II Wireless,CONFIG
38,MR,alex,Rifler,Razer DeathAdder V3 Pro,"1,000",400,2.50,"1,000",1.00,0,6,1,BenQ XL2546K,240,RTX 3070,1152x864,4:3,STR,VAXEE PA ZYGEN,Logitech G Pro X Mechanical Keyboard,HyperX Cloud II,CONFIG
"1,000",Free Agent,anarkez,AWPer,Logitech G Pro Wireless,"1,000","2,000",1.00,"2,000",1.00,0,6,1,BenQ XL2546,240,RTX 2070 Super,1440x1080,4:3,,VAXEE PA FunSpark,Custom Keyboard,Logitech G Pro X Headset,CONFIG
"1,000",Free Agent,mantuu,AWPer,Zowie S2 Divina Edition,"1,000",400,2.10,840,1.00,0,7,1,BenQ XL2546,240,GTX 1080,1280x960,4:3,STR,SteelSeries QcK+,SteelSeries Apex Pro,HyperX Cloud II,CONFIG
667,Case,leo_drk,Rifler,Zowie EC2-A,"1,000",400,1.40,560,1.12,1,6,1,BenQ XL2540,240,RTX 2070 Super,1280x1024,5:4,STR,VAXEE PA FunSpark,HyperX Alloy Origins Core,HyperX Cloud Orbit S,CONFIG
13,Liquid,oSee,AWPer,FinalMouse Starlight 12 Poseidon,"1,000",800,0.85,680,1.00,0,6,1,BenQ XL2546,240,RTX 3080,1280x960,4:3,STR,Lethal Gaming Gear Saturn,Glorious GMMK Pro,Beyerdynamic DT 1990 Pro,CONFIG
19,coL,JT,Rifler,Razer DeathAdder V3 Pro,"1,000",400,2.75,"1,100",1.00,0,6,1,BenQ XL2546,240,,1280x960,4:3,STR,SteelSeries QcK+,Drop ALT Keyboard,HyperX Cloud II,CONFIG
7,BIG,syrsoN,AWPer,Logitech G Pro X Superlight White,"1,000","1,600",0.92,"1,472",0.90,0,6,1,BenQ XL2546,240,RTX 2080,1280x960,4:3,STR,Zowie G-SR,HyperX Alloy FPS,Corsair Virtuoso White,CONFIG
26,Fnatic,roeJ,Rifler,Logitech G Pro X Superlight Magenta,"1,000",400,1.85,740,1.20,0,6,1,BenQ XL2546K,240,RTX 2070 Super,1600x900,16:9,,Razer Gigantus V2,Fnatic STREAK65 LPi,Razer BlackShark V2 Pro,CONFIG
49,GL,acoR,AWPer,Zowie S1,"1,000",400,1.97,788,1.00,0,6,1,BenQ XL2546,240,RTX 2080,1024x768,4:3,BB,Zowie G-SR,Razer Huntsman V2 TKL,Razer BlackShark V2,CONFIG
821,JANO Esports,ZOREE,AWPer,Zowie S1 Divina Edition,"1,000",400,2.00,800,1.00,0,6,1,ASUS ROG Swift PG259QN,360,RTX 3080,1280x960,4:3,STR,Logitech G640,Ducky One 2 White LED,HyperX Cloud II,CONFIG
167,Falcons Esports,misutaaa,Rifler,Razer DeathAdder V3 Pro,"4,000",400,1.35,540,1.00,0,6,1,BenQ XL2546K,240,RTX 2080 Ti,1280x960,4:3,STR,VAXEE PA Summer22,Razer Huntsman V2,Corsair HS80,CONFIG
"1,000",Free Agent,tudsoN,AWPer,Logitech G Pro Wireless,"1,000",400,2.00,800,0.90,0,6,1,BenQ XL2546,240,RTX 3090,1280x960,4:3,STR,VAXEE PA OUTSET,Razer Huntsman TE,HyperX Cloud II Wireless,CONFIG
9,G2,m0NESY,AWPer,Logitech G Pro X Superlight White,"1,000",400,2.00,800,1.00,0,6,1,BenQ XL2546 Divina Blue Edition,240,RTX 3080 Ti,1280x960,4:3,STR,SteelSeries QcK Heavy,Logitech G Pro X Mechanical Keyboard,Logitech G Pro X Headset,CONFIG
5,Heroic,sjuush,Rifler,Logitech G Pro X Superlight Black,"1,000",400,2.20,880,1.00,0,6,1,BenQ XL2546K,240,RTX 3080,1280x960,4:3,STR,Zowie G-SR-SE Rouge,Xtrfy K4-RGB TKL,HyperX Cloud II,CONFIG
18,ENCE,maden,Rifler,Zowie EC2-C,"1,000",800,2.00,"1,600",1.17,0,4,1,BenQ XL2546,240,RTX 2080,1280x960,4:3,STR,VAXEE PA ZYGEN,Logitech G915 TKL,HyperX Cloud II,CONFIG
167,Falcons Esports,Maka,AWPer,Razer DeathAdder V3 Pro,"1,000",400,2.00,800,1.00,0,6,1,BenQ XL2546 Divina Blue Edition,240,RTX 2080,1920x1080,16:9,,Logitech G640,Logitech G513,Logitech G Pro X Headset,CONFIG
16,Spirit,magixx,Rifler,Logitech G Pro X Superlight White,"1,000",400,1.50,600,1.20,0,6,1,BenQ XL2546K,240,RTX 3090,1280x960,4:3,STR,Zowie G-SR-SE Rouge,Varmilo VA87M Sea Melody,HyperX Cloud Alpha S,CONFIG
107,Aurora,Lack1,Rifler,Logitech G Pro X Superlight Black,"1,000",400,1.37,548,1.00,0,6,1,BenQ XL2546K,240,RTX 3080,1280x960,4:3,STR,VAXEE PB,Logitech G915 TKL,HyperX Cloud II,CONFIG
778,LG,FURIOUSSS,Rifler,Razer DeathAdder V3 Pro,"1,000",400,2.30,920,1.25,0,6,1,BenQ XL2546,240,RTX 3090,1024x768,4:3,STR,Zowie G-SR,SteelSeries Apex Pro TKL,Logitech G Pro X Headset,CONFIG
849,Finest,kreaz,Rifler,Zowie FK1+-B,"1,000",400,2.00,800,1.20,0,6,1,BenQ XL2546,240,RTX 2070 Super,1024x768,4:3,BB,SteelSeries QcK Heavy,Xtrfy K2-RGB White Edition,HyperX Cloud II,CONFIG
100,VELOX,EasTor,AWPer,Endgame Gear XM1,"1,000","1,200",2.00,"2,400",1.00,0,6,1,BenQ XL2540,240,,1280x960,4:3,STR,Logitech G640,Logitech G Pro X Mechanical Keyboard,HyperX Cloud II,
79,Team oNe,trk,Rifler,Zowie FK1-C,"1,000",400,2.20,880,1.00,0,6,1,BenQ XL2540,240,RTX 2080,1280x960,4:3,STR,Artisan Hayate Otsu,HyperX Alloy Origins Core,HyperX Cloud Alpha,CONFIG
10,Astralis,farlig,AWPer,Razer DeathAdder V3 Pro,"4,000",400,2.14,856,1.00,0,6,1,BenQ XL2546,240,RTX 3080,1280x960,4:3,STR,Zowie G-SR-SE,Logitech G Pro X Mechanical Keyboard,Logitech G Pro X Headset,CONFIG
13,Liquid,YEKINDAR,Rifler,Zowie EC2-C,"1,000",800,1.20,960,1.00,0,6,1,BenQ XL2546K,240,RTX 3080 Ti,1920x1080,16:9,,VAXEE PA Black,HyperX Alloy FPS RGB,HyperX Cloud II,CONFIG
33,MOUZ,Bymas,Rifler,Logitech G403 HERO,"1,000",800,1.30,"1,040",1.00,0,6,1,BenQ XL2546,240,RTX 3080 Ti,1280x960,4:3,STR,Razer Goliathus Speed,Razer Huntsman V2 TKL,Razer BlackShark V2,CONFIG
821,JANO Esports,sLowi,AWPer,VAXEE OUTSET AX,"1,000",400,3.20,"1,280",1.00,0,6,1,ASUS ROG Swift PG259QN,360,RTX 3080,1280x720,16:9,,VAXEE PA OUTSET,Logitech G Pro X Mechanical Keyboard,HyperX Cloud II,CONFIG
39,ECSTATIC,Queenix,Rifler,ZOWIE EC2 RED V2,"1,000",400,2.20,880,1.00,0,6,1,BenQ XL2546K,240,,1152x864,4:3,STR,Zowie G-SR-SE Rouge,HyperX Alloy FPS RGB,HyperX Cloud II,CONFIG
835,Los Grandes,shz,Rifler,Razer DeathAdder V3 Pro,"1,000",400,1.25,500,1.00,0,6,1,BenQ XL2546,240,RTX 2080,1280x960,4:3,STR,SteelSeries QcK Heavy,HyperX Alloy FPS,HyperX Cloud II,CONFIG
"1,002",Streamer,Lobanjica,Rifler,Zowie EC1 Tyloo Edition,"1,000",800,1.70,"1,360",1.00,0,6,1,BenQ XL2540,240,RTX 2080 Ti,1280x960,4:3,STR,Zowie G-SR,Razer Huntsman TE,Sennheiser Momentum In-Ear,CONFIG
19,coL,grim,Rifler,Zowie FK1-C,"1,000",800,0.72,576,1.00,0,6,1,BenQ XL2546K,240,RTX 3090,1280x960,4:3,BB,Lethal Gaming Gear Saturn,Logitech G915 TKL White,HyperX Cloud II,CONFIG
"1,000",Free Agent,rAge,AWPer,Xtrfy M4 Black,"1,000",400,3.80,"1,520",1.00,0,6,1,BenQ XL2546 Divina Blue Edition,240,GTX 1060,1024x768,4:3,STR,Xtrfy GP1 Grayhound Edition,Razer BlackWidow X Chroma ME,HyperX Cloud II,CONFIG
803,Benched Heroes,Aunkere,Rifler,Logitech G703 HERO,"1,000",500,2.10,"1,050",1.10,0,6,1,BenQ XL2546 Divina Blue Edition,240,RTX 2060,1024x768,4:3,BB,Logitech G640,Logitech G Pro X Mechanical Keyboard,Logitech G Pro X Headset,CONFIG
7,BIG,faveN,Rifler,Logitech G Pro Wireless,"1,000",400,2.10,840,1.00,0,7,1,BenQ XL2546,240,GTX 1060,1280x960,4:3,STR,Corsair MM250,Corsair K65 RGB MINI 60% White,Corsair VOID Pro,CONFIG
"1,002",Streamer,FlipiN,Rifler,Logitech G Pro X Superlight Black,"1,000",800,1.30,"1,040",1.00,0,6,1,MSI Optix MAG251RX,240,RTX 2080 Super,1024x768,4:3,BB,AIM Gaming Alfombrilla,Logitech G Pro X Mechanical Keyboard,AIM Gaming Auriculares,CONFIG
26,Fnatic,mezii,Rifler,Logitech G Pro X Superlight White,"1,000",800,0.85,680,1.00,0,6,1,BenQ XL2546,240,RTX 2070,1280x1024,5:4,STR,Zowie G-SR-SE,HyperX Alloy Origins Core,Sennheiser GAME ZERO,CONFIG
112,FTW,stadodo,AWPer,Logitech G Pro X Superlight White,"1,000",400,2.40,960,1.00,0,5,1,BenQ XL2546K,240,RTX 3080,1280x1024,5:4,STR,Corsair MM200,Xtrfy K4-RGB TKL White,HyperX Cloud II,CONFIG
102,Fluxo,Lucaozy,Rifler,Logitech G Pro X Superlight Black,"1,000",400,2.00,800,0.70,0,6,1,BenQ XL2546K,240,GTX 1070,1280x960,4:3,STR,Logitech G640,SteelSeries Apex Pro TKL,Logitech G Pro X Headset,CONFIG
28,paiN Gaming,zevy,AWPer,Logitech G Pro X Superlight White,"1,000",800,2.00,"1,600",1.00,0,6,1,BenQ XL2546K,240,RTX 2060,1280x960,4:3,STR,Zowie G-SR-SE Divina Blue Edition,Glorious GMMK TKL White,HyperX Cloud Flight S,CONFIG
20,MIBR (CC),Nak,Rifler,Zowie EC2-A,"1,000",400,2.00,800,1.00,0,6,1,BenQ XL2546,240,GTX 1070,1280x960,4:3,STR,,,,
"1,000",Free Agent,piria,Rifler,Logitech G Pro Wireless,"1,000",800,2.00,"1,600",1.00,0,6,1,AOC AG251FZ,240,,1280x1024,5:4,STR,Zowie G-SR,Razer BlackWidow Chroma TE V2,Razer Kraken Pro V2,
102,Fluxo,vsm,Rifler,VAXEE OUTSET AX Funspark,"1,000",800,1.20,960,1.00,0,6,1,BenQ XL2546,240,RTX 3060 Ti,1152x864,4:3,STR,VAXEE PA FunSpark,Razer Huntsman TE,Logitech G Pro X Headset,CONFIG
166,00Nation,latto,Rifler,Logitech G Pro X Superlight Black,"1,000",400,2.00,800,1.00,0,6,1,BenQ XL2546,240,RTX 2070,1280x960,4:3,STR,Logitech G640,HyperX Alloy Origins,HyperX Cloud II,CONFIG
27,OG,degster,AWPer,Razer DeathAdder V3 Pro,"4,000",400,3.01,"1,204",1.00,0,6,1,BenQ XL2546K,240,RTX 3080,1024x768,4:3,STR,Zowie G-SR,Razer Huntsman V2,HyperX Cloud II Wireless,CONFIG
31,sAw (C),arki,Rifler,VAXEE OUTSET AX,"1,000",800,1.11,888,1.00,0,6,1,BenQ XL2546K,240,RTX 3080,1280x960,4:3,STR,Corsair MM350 Champion Series,Ducky One 2 Mini RGB,HyperX Cloud II,CONFIG
31,sAw,JUST,Rifler,VAXEE ZYGEN NP-01S,"1,000",400,1.90,760,1.00,0,6,1,BenQ XL2546K,240,RTX 3080,1024x768,4:3,BB,VAXEE PA ZYGEN,ASUS ROG Claymore,HyperX Cloud II,CONFIG
31,sAw,rmn,Rifler,Razer Viper V2 Pro,"4,000",400,1.28,512,1.00,0,6,1,BenQ XL2546K,240,RTX 3080,1280x960,4:3,BB,SteelSeries QcK Heavy,Ozone Gaming Strike Pro Spectra,HyperX Cloud II,CONFIG
9,G2,HooXi,Rifler,Logitech G Pro X Superlight Black,"1,000",400,2.50,"1,000",1.00,0,6,1,BenQ XL2546,240,RTX 3090,1280x768,16:10,,Razer Gigantus V2,Razer Huntsman V2,Razer BlackShark V2,CONFIG
3,Cloud9,interz,Rifler,Logitech G Pro X Superlight Black,"1,000",800,1.00,800,1.00,0,6,1,BenQ XL2546,240,RTX 2080,1280x960,4:3,STR,Zowie G-SR-SE Rouge,Logitech G513,HyperX Cloud Alpha,CONFIG
3,Cloud9,nafany,Rifler,Razer Viper Ultimate,"1,000",400,2.00,800,1.00,0,6,1,BenQ XL2546,240,RTX 2060 Super,1280x960,4:3,STR,VAXEE PA Summer22,SteelSeries Apex Pro TKL,HyperX Cloud Alpha S,CONFIG
178,K23,FinigaN,Rifler,Logitech G Pro X Superlight White,"1,000",400,2.40,960,1.10,0,6,1,BenQ XL2546K,240,RTX 3080,1920x1080,16:9,,Razer Goliathus Speed Cosmic,Logitech G915 TKL White,Logitech G Pro X Headset,CONFIG
16,Spirit,Patsi,Rifler,Logitech G Pro X Superlight Magenta,"1,000",400,1.90,760,1.00,0,6,1,BenQ XL2540,240,RTX 3070,1152x864,4:3,STR,Zowie G-SR-SE Deep Blue,Ducky One 2 TKL White,HyperX Cloud Alpha S,CONFIG
"1,000",Free Agent,kressy,Rifler,Zowie S1,"1,000",800,1.10,880,1.00,0,6,1,BenQ XL2546,240,RTX 3080,1920x1080,16:9,,Zowie G-SR,Ducky One 2 White LED,Sennheiser GSP 600,CONFIG
30,Sprout,slaxz,AWPer,FinalMouse Starlight 12,"1,000",400,2.25,900,1.00,0,6,1,BenQ XL2546,240,RTX 3080,1024x768,4:3,BB,Endgame Gear MPJ450 Sprout,Ducky One 2 RGB,Sennheiser GAME ZERO,CONFIG
779,Astralis Talent,Kristou,Rifler,Zowie EC2-A,"1,000",400,2.00,800,1.00,0,6,1,BenQ XL2546,240,,1024x768,4:3,BB,SteelSeries QcK+,HyperX Alloy FPS Pro,Sennheiser GSP 600,CONFIG
1,NaVi,b1t,Rifler,Logitech G Pro X Superlight White,"1,000",400,1.42,568,1.00,0,6,1,BenQ XL2546,240,RTX 3080,1280x960,4:3,STR,Zowie G-SR,Logitech G Pro X Mechanical Keyboard,Logitech G Pro X Headset,CONFIG
19,coL,junior,AWPer,Glorious Model D- Wireless White,"1,000",400,2.50,"1,000",1.00,0,6,1,BenQ XL2546,240,RTX 3080,1024x768,4:3,BB,Zowie G-SR,HyperX Alloy Origins,HyperX Cloud II,CONFIG
834,Corinthians,danoco,Rifler,Zowie EC2-A,"1,000",400,2.10,840,1.20,0,6,1,BenQ XL2546,240,RTX 2080,1280x960,4:3,STR,Logitech G640,Ducky One 2 Mini RGB,HyperX Cloud Alpha S,CONFIG
667,Case,honda,Rifler,Zowie S2 Divina Edition,"1,000",400,1.20,"1,192",1.00,0,6,1,Alienware AW2518H,240,RTX 3080,1280x960,4:3,STR,VAXEE PA FunSpark,HyperX Alloy Origins Core,HyperX Cloud II,CONFIG
"1,000",Free Agent,Jackinho,AWPer,Logitech G Pro Wireless,"1,000",400,2.10,840,1.00,0,6,1,BenQ XL2546,240,RX Vega 64,1920x1080,16:9,,Fnatic Gear DASH,Fnatic Gear MiniStreak,Fnatic REACT,CONFIG
111,HAVU,doto,Rifler,Logitech G Pro X Superlight White,"1,000",800,0.72,576,1.00,0,6,1,ASUS ROG Swift PG259QN,360,RTX 2080 Ti,1152x864,4:3,BB,Logitech G640 ENCE Edition,Logitech G Pro Mechanical Keyboard,Logitech G Pro X Headset,CONFIG
776,Young Ninjas,ztr,Rifler,Zowie EC2-B,"1,000",400,1.75,700,1.10,0,6,1,AOC AG251FZ,240,RTX 2080 Ti,1280x800,16:10,STR,SteelSeries QcK Heavy,Xtrfy K4-RGB TKL,Logitech G Pro X Wireless Headset,CONFIG
11,Vitality,Spinx,Rifler,Logitech G Pro Wireless,"1,000",900,1.10,990,1.00,0,6,1,BenQ XL2546K,240,RTX 2070,1280x960,4:3,STR,Logitech G640,Logitech G915 TKL,Logitech G Pro X Headset,CONFIG
"1,000",Free Agent,HEAP,Rifler,Razer DeathAdder V3 Pro,"1,000",400,1.45,580,1.00,0,6,1,BenQ XL2546K,240,RTX 2080 Ti,1920x1080,16:9,,HyperX FURY S Speed Edition,HyperX Alloy Origins,HyperX Cloud Flight S,CONFIG
19,coL,FaNg,Rifler,Razer DeathAdder V3 Pro,"1,000",400,1.54,616,1.00,0,6,1,BenQ XL2546K,240,RTX 3080,1280x1024,5:4,Stretched,Artisan Zero Soft XL,Razer Huntsman V2 TKL,Sennheiser GSP 600,CONFIG
45,Entropiq,Nickelback,Rifler,Logitech G Pro X Superlight White,"1,000",800,0.80,640,0.98,0,6,1,BenQ XL2546K,240,RTX 3080,1280x960,4:3,STR,VAXEE PA Y22,Razer BlackWidow V3 TKL,Logitech G Pro X Headset,CONFIG
"1,002",Streamer,Znorux,Rifler,MSI Clutch GM41,500,440,2.00,880,2.00,0,6,1,BenQ XL2546,240,RTX 3080,1152x864,4:3,BB,Corsair MM800 Polaris,Custom Keyboard,Corsair Virtuoso,CONFIG
27,OG,flameZ,Rifler,VAXEE OUTSET AX Yellow,"1,000",400,3.60,"1,440",1.10,0,6,1,BenQ XL2546,240,RTX 3080,1280x960,4:3,STR,Lethal Gaming Gear Saturn,SteelSeries Apex Pro TKL,Logitech G Pro X Headset,CONFIG
167,Falcons Esports (B),Kyojin,Rifler,Razer DeathAdder V3 Pro,"1,000",400,2.00,800,1.00,0,6,1,BenQ XL2546K,240,RTX 2080 Ti,1280x960,4:3,STR,Razer Gigantus Elite,Corsair K70 RGB MK.2,Logitech G Pro X Headset,CONFIG
"1,000",Free Agent,land1n,AWPer,Razer DeathAdder V3 Pro,"1,000",400,2.00,800,1.00,0,6,1,BenQ XL2546K,240,RTX 2080 Ti,1024x768,4:3,STR,SteelSeries QcK Heavy,HyperX Alloy FPS Pro,HyperX Cloud Alpha,
"1,000",Free Agent,n1ssim,Rifler,Logitech G Pro Wireless,,,,,,,,,BenQ XL2546K,240,RTX 2080 Ti,,,,SteelSeries QcK Heavy,HyperX Alloy FPS Pro,HyperX Cloud II,
834,Corinthians,delboni,Rifler,Zowie EC2-B Divina Edition,"1,000",400,2.40,960,1.00,0,6,1,BenQ XL2546K,240,RTX 2080 Ti,1024x768,4:3,STR,Zowie G-SR-SE Divina Pink Edition,HyperX Alloy Elite,HyperX Cloud Alpha,
"1,000",Free Agent,dzt,Rifler,Zowie EC2-B,"1,000",800,1.10,880,1.00,0,6,1,BenQ XL2546K,240,RTX 2080 Ti,1280x1024,5:4,STR,HyperX FURY S Pro,HyperX Alloy Elite,HyperX Cloud Alpha,
667,Case,yepz,Rifler,Logitech G Pro Wireless,"1,000",,,,,,,,BenQ XL2546K,240,RTX 2080 Ti,,,,SteelSeries QcK Heavy,HyperX Alloy Origins Core,HyperX Cloud Alpha,
95,Apeks,jL,Rifler,Razer Viper Ultimate,"1,000",800,1.30,"1,040",1.00,0,6,1,Alienware AW2518H,240,,1280x960,4:3,STR,Razer Gigantus V2,Razer BlackWidow V3 Pro,SteelSeries Arctis 7,
41,Monte,Woro2k,AWPer,Razer DeathAdder V3 Pro,"4,000",400,2.03,812,0.90,0,6,1,BenQ XL2546K,240,GTX 1660 Super,1280x960,4:3,STR,Razer Gigantus V2,Razer Huntsman Elite,HyperX Cloud II,CONFIG
8,CPH Flames,TMB,Rifler,Zowie EC3-C,"1,000",400,2.10,840,1.00,0,6,1,BenQ XL2546,240,,1280x960,4:3,STR,Razer Gigantus V2,Razer Huntsman V2 TKL,EPOS H6PRO White,
38,MR,sausol,Rifler,VAXEE ZYGEN NP-01,"1,000",800,1.20,880,1.00,0,6,1,BenQ XL2546K,240,,1280x960,4:3,STR,Razer Gigantus V2,,,
79,Team oNe,Maluk3,AWPer,SteelSeries Sensei Ten,"1,000",400,2.00,800,0.78,0,6,1,BenQ XL2546K,240,RTX 3080,1024x768,4:3,BB,SteelSeries QcK FaZe Clan Edition,SteelSeries Apex Pro,SteelSeries Arctis Pro,CONFIG
79,Team oNe,malbsMd,Rifler,Zowie FK1-B,"1,000",400,2.00,800,1.00,0,6,1,BenQ XL2546K,240,RTX 3080,1280x960,4:3,STR,VAXEE PA FunSpark,Corsair STRAFE,HyperX Cloud II,CONFIG
79,Team oNe,pesadelo,Rifler,SteelSeries Prime Wireless,"1,000",400,3.09,"1,236",1.00,0,6,1,BenQ XL2546K,240,RTX 3080,1440x1080,4:3,BB,VAXEE PA ZYGEN,SteelSeries Apex Pro,HyperX Cloud Alpha Purple,CONFIG
"1,000",Free Agent,prt,Rifler,Zowie EC2,"1,000",400,2.00,800,1.00,0,6,1,BenQ XL2546K,240,RTX 3080,1280x960,4:3,STR,SteelSeries QcK Heavy,SteelSeries Apex Pro,Sennheiser GSP 500,CONFIG
28,paiN Gaming,skullz,Rifler,Logitech G Pro Wired,"1,000",800,0.70,560,1.00,0,6,1,BenQ XL2546K,240,RTX 3080,1280x960,4:3,STR,SteelSeries QcK Heavy,Logitech G Pro X Mechanical Keyboard,HyperX Cloud Alpha,CONFIG
20,MIBR,exit,Rifler,Logitech G Pro X Superlight White,"1,000",800,1.00,800,0.85,0,6,1,BenQ XL2546,240,RTX 2080 Super,1280x960,4:3,STR,Zowie G-SR,HyperX Alloy Origins Core,HyperX Cloud II,CONFIG
166,00Nation,try,AWPer,Logitech G Pro X Superlight Magenta,"1,000",400,2.91,"1,164",1.20,0,6,1,BenQ XL2546K,240,RTX 3080,1280x960,4:3,BB,Pulsar Xlite V2 Wireless,Xtrfy K2-RGB White Edition,Logitech G Pro X Headset,CONFIG
27,OG,NEOFRAG,Rifler,VAXEE OUTSET AX Yellow,"1,000",400,1.45,580,1.10,0,6,1,BenQ XL2546K,240,RTX 3080,1152x864,4:3,STR,VAXEE PA P22,Xtrfy K2-RGB White Edition,Logitech G Pro X Headset,CONFIG
"1,000",Partizan,emi,Rifler,Zowie EC2-B Divina Edition,"1,000",400,1.77,708,0.94,0,6,1,BenQ XL2546K,240,RTX 3080,1152x864,4:3,STR,Zowie G-SR-SE Deep Blue,Xtrfy K2-RGB,HyperX Cloud Flight S,CONFIG
819,Cocolovers,jemi,Rifler,Razer DeathAdder V2,"1,000",400,1.40,560,1.00,0,6,1,BenQ XL2546K,240,RTX 3080,1280x960,4:3,STR,SteelSeries QcK+,Logitech G Pro X Mechanical Keyboard,HyperX Cloud II,CONFIG
73,Finest,hades,AWPer,Razer DeathAdder V3 Pro,"1,000",400,2.25,900,1.00,0,6,1,Alienware AW2518HF,240,RTX 3080 Ti,1280x960,4:3,STR,Zowie G-SR,Logitech G915 TKL,Logitech G Pro X Headset,CONFIG
46,Nordavind,mirbit,Rifler,Logitech G Pro X Superlight White,"1,000",800,0.90,720,1.00,0,6,1,BenQ XL2546K,240,RTX 3080,1920x1080,16:9,,SteelSeries QcK Heavy,Ducky One 2 TKL RGB,SteelSeries Arctis Pro,CONFIG
50,Titans,supra,Rifler,Zowie EC2-B Divina Edition,"1,000",400,2.20,880,1.00,0,6,1,BenQ XL2546K,240,RTX 3080,1024x768,4:3,BB,SteelSeries QcK Heavy,HyperX Alloy Origins Core,HyperX Cloud II,CONFIG
79,Team oNe (B),xns,Rifler,Zowie EC2-A White Edition,"1,000",400,2.30,920,1.00,0,6,1,BenQ XL2546K,240,RTX 3080,1152x864,4:3,STR,HyperX FURY S Pro,HyperX Alloy FPS Pro,HyperX Cloud Revolver S,CONFIG
29,SINNERS,SHOCK,Rifler,VAXEE OUTSET AX,"1,000",400,1.17,468,0.80,0,6,1,BenQ XL2546K,240,RTX 3080,1280x800,16:10,STR,VAXEE PA Winter 21,Xtrfy K4-RGB TKL,Xtrfy H2,CONFIG
29,SINNERS,beastik,Rifler,Xtrfy M4 Black,"1,000",500,0.90,450,1.10,0,6,1,BenQ XL2546K,240,RTX 3080,1024x768,4:3,STR,Xtrfy GP1,Xtrfy K4-RGB TKL,Xtrfy H2,CONFIG
29,SINNERS,ZEDKO,Rifler,VAXEE OUTSET AX,"1,000",800,0.95,760,0.50,0,6,1,BenQ XL2546K,240,RTX 3080,1152x864,4:3,STR,VAXEE PA Winter 21,Xtrfy K4-RGB TKL,Xtrfy H2,CONFIG
15,Eternal Fire,xfl0ud,Rifler,Zowie EC3-C,"1,000",400,2.00,800,1.00,0,6,1,BenQ XL2546K,240,RTX 3070 Ti,1280x960,4:3,STR,Logitech G640,Logitech G915 TKL,Logitech G Pro X Wireless Headset,CONFIG
"1,000",Free Agent,LNZ,Rifler,Zowie EC2,"1,000",400,1.70,680,1.00,0,6,1,ASUS ROG Swift PG259QN,360,RTX 2080 Ti,1024x768,4:3,STR,Razer Gigantus V2,Razer Huntsman V2 TKL,Razer BlackShark V2 Pro,CONFIG
"1,000",Free Agent,J1rah,Rifler,Logitech G Pro X Superlight Black,"1,000",800,0.71,564,1.00,0,7,1,Alienware AW2521HF,240,RTX 3080,1024x768,4:3,STR,Logitech G640,Logitech G Pro X Mechanical Keyboard,Logitech G Pro X Wireless Headset,
"1,000",Free Agent,Valiance,Rifler,Logitech G Pro X Superlight Black,"1,000",400,2.20,880,1.00,0,7,1,Alienware AW2521HF,240,RTX 2080 Super,1280x800,16:10,STR,Logitech G640,Logitech G915 TKL,Logitech G Pro X Headset,
24,Grayhound,Vexite,Rifler,Logitech G Pro X Superlight Black,"1,000","1,200",1.00,"1,200",0.70,0,7,1,Alienware AW2521H,360,RTX 3080,1024x768,4:3,STR,Logitech G640,Logitech G Pro X Mechanical Keyboard,Logitech G Pro X Headset,CONFIG
36,HEET,Djoko,Rifler,Zowie ZA12,"1,000",800,1.00,800,0.70,0,6,1,BenQ XL2546K,240,RTX 3080,1280x1024,4:3,STR,SteelSeries QcK Heavy,Xtrfy K2-RGB White Edition,HyperX Cloud II,CONFIG
36,HEET,Ex3rcice,Rifler,VAXEE OUTSET AX,"1,000",400,2.00,800,1.00,0,6,,BenQ XL2546K,240,RTX 3080,1280x960,4:3,STR,Logitech G640,Logitech G513,Beyerdynamic MMX300,CONFIG
36,HEET,afro,AWPer,Logitech G Pro X Superlight Black,"1,000",800,1.00,800,1.00,0,6,1,BenQ XL2546K,240,RTX 3080,1600x900,16:9,,HyperX FURY S Speed Edition,CM MasterKeys Pro S,Logitech G Pro X Headset,CONFIG
37,Sangal (B),S3NSEY,Rifler,Zowie EC2 Tyloo Edition,"1,000",400,2.00,800,1.00,0,6,1,BenQ XL2546K,240,,1280x960,4:3,BB,Zowie G-SR,Corsair K63,HyperX Cloud Flight,
41,Monte,DemQQ,Rifler,Logitech G403,"1,000",800,1.30,"1,040",1.00,0,6,1,BenQ XL2546,240,,1280x960,4:3,STR,Logitech G640,HyperX Alloy FPS,Logitech G Pro X Headset,
41,Nemiga,box,AWPer,SteelSeries Sensei Ten,"1,000",800,1.58,"1,264",1.00,0,6,1,BenQ XL2546K,240,RTX 3080,1280x1024,5:4,BB,SteelSeries QcK Heavy,Logitech G Pro X Mechanical Keyboard,HyperX Cloud II,CONFIG
"1,000",Free Agent,mds,Rifler,Logitech G Pro X Superlight Black,"1,000",400,2.01,804,1.00,0,6,1,BenQ XL2546K,240,RTX 3080,1280x960,4:3,Black Bars,Logitech G640,Logitech G Pro X Mechanical Keyboard,Logitech G Pro X Headset,CONFIG
41,Nemiga,jyo,Rifler,VAXEE ZYGEN NP-01,"1,000",800,1.50,"1,200",1.00,0,6,1,BenQ XL2546K,240,RTX 3080,1440x1080,4:3,STR,SteelSeries QcK Heavy,HyperX Alloy FPS Pro,HyperX Cloud II,CONFIG
17,forZe,KENSI,Rifler,Logitech G Pro X Superlight Black,"1,000",400,1.55,620,1.00,0,6,1,ZOWIE XL2546,240,RTX 3070,1280x960,4:3,STR,SteelSeries QcK Heavy,HyperX Alloy FPS,HyperX Cloud Alpha S,CONFIG
70,Tricked Esport,Lucky,AWPer,SteelSeries Rival 300,"1,000","1,600",0.70,"1,120",0.90,0,6,1,BenQ XL2546,240,RTX 3080,1920x1080,16:9,,Logitech G640,Logitech G Pro X Mechanical Keyboard,Logitech G Pro X Headset,CONFIG
21,BNE,rigoN,Rifler,Zowie ZA12-B,"1,000",400,1.50,600,1.80,0,6,1,BenQ XL2546K,240,RTX 2080,1280x960,4:3,STR,Lethal Gaming Gear Saturn,Corsair K63,HyperX Cloud II,CONFIG
12,Outsiders,fame,Rifler,Logitech G Pro X Superlight Black,"1,000",800,1.10,880,1.00,0,6,1,BenQ XL2546K,240,RTX 3070,1280x960,4:3,STR,Logitech G640,Xtrfy K4-RGB TKL White,HyperX Cloud II,CONFIG
39,ECSTATIC,XELLOWâ€Ž,AWPer,Xtrfy M4 Wireless White,"1,000",400,2.00,800,1.00,0,6,1,BenQ XL2546K,240,RTX 3080,1280x960,4:3,STR,Logitech G640,Logitech G Pro X Mechanical Keyboard,Logitech G Pro X Headset,CONFIG
4,FURIA,drop,Rifler,Logitech G Pro X Superlight Magenta,"1,000",400,1.80,720,1.00,0,6,1,BenQ XL2546K,240,RTX 3080,1152x864,4:3,STR,Zowie G-SR,Logitech G Pro X Mechanical Keyboard,HyperX Cloud Alpha,CONFIG
17,forZe,zorte,AWPer,Zowie EC3-C,"1,000",800,1.15,920,1.00,0,6,1,BenQ XL2546K,240,RTX 3080 Ti,1280x960,4:3,STR,VAXEE PB,Custom Keyboard,Logitech G Pro X Headset,CONFIG
41,Monte,Fessor,Rifler,Razer DeathAdder V3 Pro,"4,000",400,1.50,600,1.00,0,6,1,BenQ XL2546K,240,RTX 3070,1280x960,4:3,STR,Razer Goliathus Speed,Logitech G Pro X Mechanical Keyboard,HyperX Cloud II,CONFIG
"1,000",Free Agent,ritchiEE,Rifler,Zowie FK2,"1,000",400,1.55,620,1.00,0,6,1,BenQ XL2546K,240,,1024x768,4:3,BB,SteelSeries QcK+,Corsair K95,Sennheiser GAME ZERO,
74,Endpoint,MiGHTYMAX,Rifler,Endgame Gear XM1 White,"1,000",400,1.60,640,1.00,0,6,1,ASUS ROG Swift PG259QN,360,RTX 3080,1280x960,4:3,STR,VAXEE PA Summer22,Ducky One 2 RGB White,HyperX Cloud II,
5,Heroic,jabbi,Rifler,ZOWIE EC2 White V2,"1,000",800,0.90,720,1.00,0,6,1,BenQ XL2546,240,RTX 3080,1280x960,4:3,STR,Razer Gigantus V2,Xtrfy K4 TKL RGB,Razer BlackShark V2 Pro,CONFIG
26,Fnatic,nicoodoz,AWPer,Logitech G Pro X Superlight White,"1,000",400,3.09,"1,236",1.00,0,8,1,BenQ XL2546 Divina Blue Edition,240,RTX 3080,1280x960,4:3,STR,Fnatic Gear DASH,Xtrfy K5 Compact RGB,HyperX Cloud II,CONFIG
30,Sprout,Zyphon,Rifler,Zowie EC2-B Divina Edition,"1,000",400,1.42,568,1.00,0,6,1,AOC AG251FZ,240,RTX 3080,1280x960,4:3,STR,Razer Gigantus V2,Razer BlackWidow V3 TKL,Razer BlackShark V2 Pro,CONFIG
42,GODSENT,b4rtiN,Rifler,Zowie ZA12-B,"1,000",400,2.00,800,1.00,0,6,1,BenQ XL2546K,240,GTX 1660 Super,1280x960,4:3,STR,SteelSeries QcK Heavy,HyperX Alloy FPS,HyperX Cloud II,CONFIG
166,00Nation,dumau,AWPer,Logitech G Pro X Superlight White,"1,000",400,2.06,824,1.00,0,6,1,BenQ XL2546K,240,GTX 1070,1280x960,4:3,STR,Logitech G640,Razer Huntsman V2,Sennheiser GAME ZERO,CONFIG
"1,000",Free Agent,Hatz,Rifler,Zowie EC2,"1,000",800,1.00,800,1.00,0,6,1,BenQ XL2546K,240,RTX 2080 Ti,1024x768,4:3,STR,SteelSeries QcK Heavy,Logitech G Pro X Mechanical Keyboard,HyperX Cloud II,CONFIG
24,Grayhound,aliStair,AWPer,Logitech G Pro X Superlight Black,"1,000",400,1.90,760,1.00,0,6,1,BenQ XL2546K,240,RTX 3080,1024x768,4:3,BB,Zowie G-SR,Logitech G Pro X Mechanical Keyboard,Logitech G Pro X Headset,CONFIG
41,Monte,REDSTAR,AWPer,VAXEE ZYGEN NP-01S Glossy,"1,000",400,2.00,800,1.00,0,6,1,BenQ XL2546K,240,RTX 3070,1280x960,4:3,STR,Corsair MM350 Champion Series,HyperX Alloy FPS,HyperX Cloud II,CONFIG
4,FURIA,saffee,AWPer,Xtrfy M4 Wireless Custom,"1,000",400,2.00,800,1.00,0,6,1,BenQ XL2546K,240,RTX 3080,1280x960,4:3,STR,Zowie G-SR,Wooting 60 HE,JBL Quantum ONE,CONFIG
814,Enterprise Esports,h4rn,AWPer,Zowie FK1-B,"1,000",400,2.05,820,1.00,0,6,1,Alienware AW2521H,240,RTX 2070,1024x768,4:3,STR,HyperX FURY S Speed Edition,HyperX Alloy Origins,HyperX Cloud Alpha S,CONFIG
18,ENCE,SunPayus,AWPer,Logitech G Pro X Superlight Black,"1,000",400,1.90,760,0.90,6,6,1,BenQ XL2546K,240,RTX 3070,1024x768,4:3,BB,Zowie G-SR,Logitech G Pro X Mechanical Keyboard,HyperX Cloud II,CONFIG
38,MR,dav1g,Rifler,Logitech G Pro X Superlight Black,"1,000",400,2.20,880,1.00,0,6,1,BenQ XL2546K,240,RTX 3070,1280x800,16:10,STR,VAXEE PA ZYGEN,Logitech G915 TKL,HyperX Cloud II,CONFIG
71,Tyloo,SLOWLY,Rifler,Zowie EC3-C,"1,000",400,1.50,600,1.00,0,6,1,BenQ XL2546K,240,RTX 2080 Ti,1280x960,4:3,STR,Zowie G-SR Tyloo Edition,Xtrfy K5 Compact RGB,HyperX Cloud Flight,CONFIG
28,paiN Gaming,hardzao,Rifler,Logitech G Pro X Superlight Black,"1,000",400,2.00,800,1.00,0,6,1,BenQ XL2546K,240,RTX 3080,1280x960,4:3,STR,SteelSeries QcK Heavy,Razer BlackWidow V3 TKL,Razer Kraken 7.1 V2 MW Edition,CONFIG
835,B4,realzin,Rifler,Logitech G Pro X Superlight Black,500,400,2.25,900,1.00,0,6,1,BenQ XL2546K,240,RTX 2060,1280x960,4:3,STR,SteelSeries QcK Heavy,HyperX Alloy FPS Pro,HyperX Cloud II,CONFIG
120,Sharks,jnt,Rifler,Logitech G Pro X Superlight White,"1,000",400,2.20,880,1.00,0,6,1,BenQ XL2546K,240,RTX 2060,1024x768,4:3,STR,SteelSeries QcK Heavy,Razer BlackWidow X Chroma ME,HyperX Cloud II,CONFIG
"1,002",Streamer,Gaules,Rifler,Razer Viper Ultimate,"1,000",400,2.20,880,0.71,0,6,1,BenQ XL2546,240,RTX 3090,1280x960,4:3,STR,Razer Gigantus V2 Gaules Edition,Razer Huntsman Mini,Razer BlackShark V2,CONFIG
23,IHC,sk0R,Rifler,Logitech G Pro X Superlight White,500,800,1.30,"1,040",1.00,0,6,1,BenQ XL2546K,240,RTX 2080,1280x1024,5:4,STR,SteelSeries QcK Heavy,Logitech G Pro X Mechanical Keyboard,HyperX Cloud II,
19,coL,floppy,Rifler,Razer DeathAdder V3 Pro,"1,000",800,1.10,880,1.00,0,6,1,BenQ XL2546,240,RTX 3080 Ti,1920x1080,16:9,,Artisan Ninja FX Zero Soft,HyperX Alloy Origins Core,Sennheiser GSP 600,CONFIG
185,1WIN,deko,AWPer,Logitech G Pro X Superlight Magenta,"1,000",400,3.07,"1,228",1.00,0,6,1,BenQ XL2546K,240,RTX 3060,1280x960,4:3,STR,Zowie G-SR-SE Deep Blue,Logitech G Pro Mechanical Keyboard,Logitech G Pro X Headset,CONFIG
39,ECSTATIC (B),Wolfy,AWPer,Zowie FK1-B Divina Pink,"1,000",400,1.85,740,1.00,0,6,1,BenQ XL2546,240,GTX 970,1280x960,4:3,STR,Zowie G-SR-SE Red Edition,Logitech G Pro X Mechanical Keyboard,HyperX Cloud II,CONFIG
33,MOUZ,JDC,Rifler,Logitech G Pro X Superlight Black,"1,000",400,2.10,840,1.00,0,6,1,BenQ XL2546K,240,RTX 2070,1280x960,4:3,STR,Razer Gigantus V2 MOUZ,Razer BlackWidow V3 Pro,Razer BlackShark V2,CONFIG
49,GL,siuhy,Rifler,ZOWIE EC2 White,"1,000",400,2.60,"1,040",1.00,0,6,1,BenQ XL2546K,240,RTX 3080,1280x960,4:3,STR,Razer Gigantus V2,Razer Huntsman Mini,Razer BlackShark V2,
"1,000",Free Agent,szejn,Rifler,Zowie EC2-B Divina,"1,000",400,3.13,"1,250",1.00,0,6,1,BenQ XL2546K,240,,1280x960,4:3,STR,Razer Gigantus V2,Razer BlackWidow V3 TKL,Razer BlackShark V2,
33,MOUZ,torzsi,AWPer,Razer DeathAdder V3 Pro,"4,000",800,1.00,800,1.00,0,6,1,BenQ XL2546K,240,GTX 1060,1280x1024,5:4,STR,Razer Gigantus V2,Razer BlackWidow V3 TKL,Razer BlackShark V2,CONFIG
33,MOUZ,xertioN,Rifler,Zowie EC1-C,"1,000",400,2.20,880,1.00,0,6,1,BenQ XL2546K,240,RTX 3080,1920x1080,16:9,,Razer Gigantus V2,Razer Huntsman TE,Razer BlackShark V2,CONFIG
834,Corinthians,ckzao,Rifler,Logitech G403,"1,000",400,2.00,800,1.20,0,6,1,BenQ XL2546,240,RTX 2060 Super,1280x960,4:3,BB,VAXEE PA OUTSET,Xtrfy K4-RGB TKL,HyperX Cloud II,
37,Sangal,phzy,Rifler,Logitech G Pro X Superlight Black,"1,000",800,1.75,"1,400",1.00,0,6,1,ASUS ROG Swift PG259QN,240,RTX 2080 Ti,1920x1080,16:9,,SteelSeries QcK Heavy,HyperX Alloy FPS,HyperX Cloud II,CONFIG
43,MOUZ NXT,mhL,AWPer,Razer DeathAdder V3 Pro,"1,000",400,2.70,"1,080",1.00,0,6,1,BenQ XL2546K,240,GTX 1070 Ti,1280x960,4:3,BB,Razer Gigantus V2,Razer Huntsman TE,Razer BlackShark V2,
167,Falcons Esports,NBK-,Rifler,Xtrfy MZ1 White Rail,"1,000",800,1.20,960,1.00,0,6,1,BenQ XL2546K,240,RTX 2080 Ti,1280x1024,5:4,BB,Razer Gigantus V2 MOUZ,Razer Huntsman Quartz,Razer BlackShark V2,
13,Liquid,nitr0,Rifler,Logitech G Pro X Superlight Black,"1,000",400,1.80,720,1.04,0,6,1,BenQ XL2546K,240,RTX 3080,1024x768,4:3,BB,VAXEE PA Winter 21,Custom Keyboard,HyperX Cloud II Wireless,
21,BNE,juanflatroo,Rifler,Zowie EC2-C,"1,000",400,2.30,920,1.00,0,6,1,BenQ XL2546K,240,RTX 3090,1280x960,4:3,STR,Razer Gigantus V2,HyperX Alloy FPS,HyperX Cloud II,
21,BNE,sinnopsyy,Rifler,Logitech G Pro X Superlight White,"1,000",400,3.25,"1,300",1.20,0,6,1,BenQ XL2546,240,RTX 2080 Super,1280x960,4:3,STR,Zowie G-SR-SE Rouge,Logitech G Pro X Mechanical Keyboard,HyperX Cloud II,
34,EG,autimatic,Rifler,Logitech G Pro X Superlight,"1,000",400,1.87,748,1.00,0,6,1,BenQ XL2546S,240,RTX 2080 Super,1920x1080,16:9,,Logitech G640,HyperX Alloy Origins Core,SteelSeries Arctis 7,
178,K23,X5G7V,Rifler,,"1,000",800,1.05,840,1.00,0,6,1,BenQ XL2546K,240,,1280x960,4:3,STR,,,,
26,Fnatic,FASHR,Rifler,Logitech G Pro X Superlight Magenta,"1,000",800,1.00,800,1.00,0,6,1,BenQ XL2546K,240,RTX 2060,1280x960,4:3,STR,,HyperX Alloy Elite 2,Sennheiser GSP 600,
20,MIBR,JOTA,Rifler,Logitech G Pro X Superlight Magenta,"1,000",800,2.50,"2,000",1.00,0,6,1,Alienware AW2521H,360,RTX 2060,1280x960,4:3,STR,Razer Gigantus V2,HyperX Alloy FPS,HyperX Cloud II,
20,MIBR,Tuurtle,Rifler,Zowie EC2,"1,000",400,1.50,600,1.00,0,6,1,BenQ XL2546K,240,RTX 2070,1280x960,4:3,STR,,HyperX Alloy FPS,HyperX Cloud II,CONFIG
20,MIBR,brnz4n,Rifler,Logitech G Pro X Superlight Black,"1,000",800,1.10,880,1.00,0,6,1,BenQ XL2546K,240,RTX 2070,1280x960,4:3,STR,SteelSeries QcK Heavy,HyperX Alloy FPS Pro,HyperX Cloud II,CONFIG
102,Fluxo,WOOD7,Rifler,Logitech G Pro X Superlight Black,"1,000",800,1.20,960,1.00,0,6,1,BenQ XL2546K,240,RTX 3080,1280x960,4:3,STR,Zowie G-SR,Logitech G915 TKL,Logitech G Pro X Wireless Headset,CONFIG
8,CPH Flames,birdfromsky,Rifler,Razer DeathAdder V2,"1,000",800,0.95,760,1.00,0,6,1,BenQ XL2546K,240,,,,,,Xtrfy K4-RGB TKL,HyperX Cloud II,
39,ECSTATIC,maNkz,Rifler,,"1,000",800,1.15,920,1.00,0,6,1,BenQ XL2546K,240,,1680x1050,16:10,BB,,,,
39,ECSTATIC,Daffu,Rifler,,,,,,,,,,BenQ XL2546K,240,,,,,,,,
17,forZe,shalfey,Rifler,Logitech G Pro X Superlight Black,"1,000",400,2.20,880,1.00,0,6,1,BenQ XL2546 Divina Blue Edition,240,,1152x864,4:3,STR,SteelSeries QcK Heavy,HyperX Alloy FPS,HyperX Cloud Alpha S,CONFIG
17,forZe,Norwi,Rifler,,"1,000",800,0.95,760,1.00,0,6,1,BenQ XL2546K,240,,1280x960,4:3,STR,,,,CONFIG
8,CPH Flames,raalz,Rifler,Zowie EC1,"1,000",400,1.60,640,1.00,0,6,1,BenQ XL2546K,240,GTX 1070,1024x768,4:3,BB,,,,CONFIG
30,Sprout,Staehr,Rifler,Logitech G Pro Wireless,"1,000",800,1.20,960,1.00,0,6,1,BenQ XL2546K,240,,1280x960,4:3,STR,Endgame Gear MPJ450 Sprout,SteelSeries Apex Pro,HyperX Cloud II Wireless,
80,OG Academy,Marix,Rifler,Pwnage Ultra Custom Wireless Ergo,"1,000",800,1.00,800,1.00,0,6,1,BenQ XL2546K,240,,1280x960,4:3,STR,SteelSeries QcK Heavy,Corsair K65,Beyerdynamic MMX 300,
"1,000",Free Agent,Sobol,Rifler,Logitech G Pro X Superlight White,"1,000",400,1.70,680,1.00,0,6,1,BenQ XL2546K,,,1920x1080,16:9,,Zowie G-SR,Corsair K70 RGB MK.2,Logitech G Pro X Headset,CONFIG
88,9INE,Goofy,Rifler,Razer DeathAdder V3 Pro,"1,000",800,0.80,640,1.00,0,6,1,BenQ XL2546K,240,,1920x1080,16:9,,,,,
44,AGO,jedqr,Rifler,ZOWIE ZA11-B,,,,,,,,,BenQ XL2546K,240,AMD Radeon RX 5700 XT,,,,Zowie G-SR-SE,HyperX Alloy Origins Core,HyperX Cloud II,
16,Spirit,s1ren,Rifler,Logitech G Pro X Superlight White,"1,000",800,1.50,"1,200",1.16,0,6,1,BenQ XL2546K,240,,1024x768,4:3,STR,VAXEE PA P22,Logitech G Pro X Mechanical Keyboard,,CONFIG
"1,000",Free Agent,kRaSnaL,Rifler,Razer Viper Ultimate,,,,,,,,,BenQ XL2546K,240,,,,,Razer Gigantus V2,Razer Huntsman V2 TKL,Razer BlackShark V2,
"1,000",Free Agent,Grashog,Rifler,Razer Viper Ultimate,"1,000",800,1.50,"1,203",1.00,0,6,1,BenQ XL2546K,240,GTX 1070 Ti,1280x720,16:9,,Razer Gigantus V2,Razer Huntsman V2 TKL,Razer BlackShark V2,
44,AGO,leman,Rifler,Zowie ZA12,"1,000",400,3.00,"1,200",1.00,0,6,1,BenQ XL2546K,240,,1280x960,4:3,STR,Razer Gigantus V2,Razer Huntsman V2 TKL,Razer BlackShark V2 Pro,
27,OG,F1KU,Rifler,Razer DeathAdder V3 Pro,"1,000",400,1.70,680,1.00,0,6,1,BenQ XL2546K,240,,1280x960,4:3,STR,Razer Gigantus V2,Razer Huntsman V2 TKL,Razer BlackShark V2,
167,Falcons Esports,Python,AWPer,Logitech G Pro X Superlight Black,"1,000",400,1.15,460,1.00,6,1,0,BenQ XL2546K,240,,1440x1080,4:3,STR,HyperX FURY S Pro XL,Logitech G413,HyperX Cloud II,
28,paiN Gaming (B),nython,AWPer,,,,,,,,,,BenQ XL2546K,240,,,,,Zowie G-SR-SE Deep Blue,HyperX Alloy FPS,,
48,NaVi Jr,headtr1ck,Rifler,Logitech G Pro X Superlight White,"1,000",400,2.30,920,1.00,0,6,1,BenQ XL2546K,240,,1280x960,4:3,STR,Xtrfy GP4,,,CONFIG
22,9z Team,dgt,Rifler,Logitech G Pro X Superlight White,"1,000",800,0.70,560,1.00,0,6,1,BenQ XL2546K,240,,1280x960,4:3,BB,SteelSeries QcK Heavy,Logitech G Pro X Mechanical Keyboard,HyperX Cloud II,CONFIG
61,Fnatic Rising,Peppzor,Rifler,Zowie EC2-C,"1,000",400,1.60,640,1.00,0,6,1,BenQ XL2546K,240,RTX 3080,1280x960,4:3,STR,Fnatic Gear DASH,Fnatic Gear MiniStreak,Fnatic REACT+,CONFIG
8,CPH Flames,regali,AWPer,Logitech G Pro X Superlight Magenta,"1,000",400,3.00,"1,200",1.00,0,6,1,BenQ XL2546K,240,RTX 3080,1280x960,4:3,STR,Logitech G640,Fnatic Gear MiniStreak,HyperX Cloud II,CONFIG
49,GL,iM,Rifler,Razer DeathAdder V3 Pro,"4,000",400,2.35,940,1.00,0,6,1,BenQ XL2546,240,,1280x960,4:3,STR,,,HyperX Cloud II,CONFIG
776,Young Ninjas,eraa,AWPer,,"1,000",400,1.80,720,1.00,0,6,1,BenQ XL2546,240,,1280x1024,5:4,STR,,,,CONFIG
49,GL,isak,Rifler,,"1,000",800,0.81,648,1.00,0,6,1,BenQ XL2546,240,,1280x960,4:3,STR,,,,CONFIG
61,Fnatic Rising,Banjo,Rifler,,"1,000",800,1.00,800,1.00,0,6,1,BenQ XL2546K,240,,1280x960,4:3,STR,,,,CONFIG
29,SINNERS,forsyy,AWPer,,,,,,,,,,,,,,,,,,,
7,BIG,Krimbo,Rifler,Logitech G Pro X Superlight Black,"1,000",400,1.90,760,1.00,0,6,1,BenQ XL2546K,240,RTX 3080,1280x960,4:3,STR,Corsair MM350 Champion Series,Corsair K70 RGB MK.2,Corsair HS80,
43,MOUZ NXT,Jimpphat,Rifler,Logitech G Pro X Superlight Black,"1,000",400,1.50,600,1.00,0,6,1,BenQ XL2546K,240,,1280x960,4:3,STR,Razer Gigantus,Razer Huntsman TE,Logitech G Pro X Headset,
41,Monte,BOROS,Rifler,Zowie S1,"1,000",400,1.90,760,1.00,0,6,1,BenQ XL2540,240,GTX 1080 Ti,1280x960,4:3,STR,SteelSeries QcK Heavy,SteelSeries Apex Pro,SteelSeries Arctis Pro,CONFIG
"1,000",Free Agent,Chawzyyy,Rifler,Logitech G Pro X Superlight Black,"1,000",800,0.68,544,0.64,0,6,1,BenQ XL2540,240,,1920x1080,16:9,,SteelSeries QcK Heavy,Xtrfy K2-RGB,HyperX Cloud II,CONFIG
44,AGO,ultimate,Rifler,Razer Viper Ultimate,"1,000",400,2.10,840,1.00,0,6,1,BenQ XL2546K,240,,,,,Razer Gigantus V2,Razer Huntsman V2 TKL,Razer BlackShark V2 Pro White,CONFIG
803,Anonymo,mwlky,Rifler,Logitech G Pro X Superlight Magenta,"1,000",400,2.30,920,1.00,0,6,1,BenQ XL2546K,240,,1280x960,4:3,STR,Razer Gigantus V2,Logitech G Pro X Mechanical Keyboard,HyperX Cloud II,CONFIG
22,9z Team,max,Rifler,Logitech G403 HERO,"1,000",800,1.00,800,1.00,0,6,1,BenQ XL2546K,240,,1280x720,16:9,,HyperX FURY S Speed Edition,,,
22,9z Team,rox,Rifler,VAXEE ZYGEN NP-01S Glossy,"1,000",800,2.20,"1,760",1.10,0,6,1,BenQ XL2546K,240,GTX 1080 Ti,1280x960,4:3,STR,Zowie G-SR,HyperX Alloy FPS,HyperX Cloud II,CONFIG
22,9z Team,dav1d,Rifler,Zowie EC2-C,"1,000",400,3.06,"1,224",1.00,0,6,1,BenQ XL2546K,240,,1280x960,4:3,STR,Zowie G-SR,Logitech G Pro X Mechanical Keyboard,HyperX Cloud Alpha,
21,BNE,SENER1,Rifler,Logitech G Pro X Superlight White,"1,000",400,2.35,940,1.00,0,5,1,Alienware AW2521H,240,RTX 2070 Super,1280x960,4:3,STR,Logitech G640,Xtrfy K5 Compact RGB Transparent White,Logitech G Pro X Headset,
21,BNE,gxx,AWPer,Razer DeathAdder V3 Pro,"4,000",400,2.00,800,1.20,0,6,1,BenQ XL2546K,240,RTX 2080,1024x768,4:3,STR,,Razer Huntsman V2,HyperX Cloud II,CONFIG
23,IHC,Techno4K,Rifler,Zowie EC2-A,"1,000",400,1.80,720,0.95,0,6,1,BenQ XL2546K,240,,,,,Zowie G-SR,HyperX Alloy FPS Pro,HyperX Cloud II,
23,IHC,kabal,Rifler,Logitech G Pro X Superlight Black,"1,000",400,2.00,800,0.95,0,6,1,BenQ XL2546K,240,,1024x768,4:3,BB,ZOWIE GTF-X,Razer Huntsman Mini,HyperX Cloud II,
23,IHC,bLitz,AWPer,Logitech G703,"1,000",400,1.90,760,1.00,0,6,1,BenQ XL2546K,240,,1280x1024,5:4,STR,Zowie G-SR,HyperX Alloy FPS,HyperX Cloud II,
114,NKT,nin9,AWPer,Razer DeathAdder Elite,"1,000",400,2.00,800,1.00,0,6,1,BenQ XL2546K,240,,1024x768,4:3,BB,SteelSeries QcK Heavy,HyperX Alloy Origins Core,HyperX Cloud Alpha,
"1,000",Free Agent,AxEcHo,Rifler,FinalMouse Starlight 12,,,,,,,,,,,,,,,Razer Gigantus V2,Razer Huntsman V2 TKL,Logitech G Pro X Wireless Headset,
73,Finest,shokz,Rifler,Zowie EC2,"1,000","1,600",0.43,688,0.90,,,1,BenQ XL2546K,240,,1280x960,4:3,STR,VAXEE PA ZYGEN,Ducky One 2 TKL RGB,Logitech G Pro X Headset,CONFIG
"1,000",Free Agent,dream3r,Rifler,,,,,,,,,,,,,,,,,,,
35,500,dennyslaw,AWPer,,,,,,,,,,,,,,,,,,,
35,500,Rainwaker,Rifler,Logitech G Pro X Superlight Black,"1,000",400,2.20,880,1.00,0,6,1,BenQ XL2546K,240,,1280x960,4:3,STR,VAXEE PA ZYGEN,HyperX Alloy FPS RGB,Logitech G Pro X Wireless Headset,
30,Sprout,lauNX,Rifler,Logitech G Pro X Superlight Black,"1,000",800,1.50,"1,200",1.00,0,8,1,BenQ XL2546K,240,,1024x768,4:3,STR,Logitech G640,Logitech G915 TKL,Logitech G Pro X Headset,CONFIG
34,EG,Jonji,Rifler,Glorious Model D,"1,000",400,2.00,800,1.00,0,6,1,BenQ XL2546,240,,1680x1050,16:10,BB,Razer Gigantus,Corsair K70 RGB MK.2,HyperX Cloud II,CONFIG
"1,000",Free Agent,Kjaerbye,Rifler,Logitech G Pro Wireless,"1,000",400,1.60,640,0.80,0,6,1,BenQ XL2546,240,RTX 3080,1024x768,4:3,STR,VAXEE PA FunSpark,SteelSeries Apex Pro TKL,SteelSeries Arctis Pro,CONFIG
16,Spirit,w0nderful,AWPer,Logitech G Pro X Superlight Black,"1,000",400,3.09,"1,236",1.00,0,6,1,BenQ XL2546K,240,GTX 1070,1280x960,4:3,STR,Zowie G-SR-SE Deep Blue,Logitech G915 TKL,Logitech G Pro X Headset,CONFIG
79,Team oNe (B),keiz,Rifler,SteelSeries Prime Wireless,"1,000",400,1.80,720,1.00,0,6,1,BenQ XL2546K,240,,1024x768,4:3,BB,Zowie G-SR,HyperX Alloy Origins,HyperX Cloud Alpha,CONFIG
74,Endpoint,CRUC1AL,AWPer,Logitech G Pro X Superlight Black,500,400,2.50,"1,000",1.00,0,6,1,BenQ XL2546,240,,1280x960,4:3,STR,Zowie G-SR-SE,Corsair K63,HyperX Cloud Alpha,CONFIG
74,Endpoint,Surreal,Rifler,Logitech G Pro X Superlight Black,,,1.60,,0.80,0,,1,,,,,,,Zowie G-SR-SE Deep Blue,Corsair K63,,
22,9z Team,nqz,AWPer,Logitech G Pro X Superlight Black,"1,000",800,1.20,960,1.00,0,6,1,BenQ XL2546,240,RTX 2060,1280x960,4:3,STR,Zowie G-SR,HyperX Alloy FPS Pro,Logitech G Pro X Wireless Headset,CONFIG
74,Endpoint,Nertz,Rifler,Zowie EC3-C,,400,2.90,"1,160",0.70,0,,1,BenQ XL2546,240,,1024x768,4:3,BB,SteelSeries QcK Heavy,HyperX Alloy FPS Pro,HyperX Cloud II,CONFIG
178,K23,clax,Rifler,Zowie EC2-B,"1,000",400,2.20,880,1.00,,,1,BenQ XL2546,240,,1920x1080,16:9,,Logitech G640,Logitech G Pro Mechanical Keyboard,Logitech G Pro X Headset,CONFIG
800,cowana,stfN,Rifler,Glorious Model O White,"1,000",400,2.30,920,1.00,0,,1,BenQ XL2540,240,,1920x1080,16:9,,Zowie G-SR-SE Deep Blue,Sharkoon Skiller SGK3,Beyerdynamic MMX 300,CONFIG
800,cowana,kolor,AWPer,Zowie S1,"1,000",800,1.10,880,1.00,,6,1,BenQ XL2540,240,,1280x960,4:3,STR,,Xtrfy K4-RGB,Sennheiser GSP 600,CONFIG
800,cowana,maty,Rifler,Zowie EC2-B Divina Edition,,400,1.70,680,1.04,0,6,0,,,,1152x864,4:3,STR,,,Logitech G Pro X Headset,CONFIG
332,Rare Atom,JamYoung,Rifler,Zowie EC2,"1,000",400,2.20,880,1.00,0,6,1,BenQ XL2546K,240,,1280x960,4:3,STR,SteelSeries QcK Heavy,Logitech G Pro X Mechanical Keyboard,HyperX Cloud Flight,
15,Eternal Fire,paz,Rifler,Zowie EC1-A,"1,000",400,2.40,960,1.00,0,6,1,BenQ XL2546K,240,RTX 2080 Ti,1280x960,4:3,STR,Zowie G-SR-SE Rouge,HyperX Alloy FPS,HyperX Cloud II,
106,Mythic,Freakazoid,Rifler,Logitech G Pro X Superlight White,"1,000",400,1.78,712,0.80,0,6,1,BenQ XL2546S,240,GTX 1080 Ti,1280x960,4:3,STR,Gamesense Radar,Logitech G Pro X Mechanical Keyboard,HyperX Cloud II,CONFIG
780,Lynn Vision,z4kr,Rifler,Zowie S2 Divina Edition,"1,000",400,2.20,880,1.00,0,6,1,BenQ XL2546K,240,,,,,Zowie G-SR-SE Rouge,,HyperX Cloud II,
114,NKT,erkaSt,Rifler,Zowie EC3-C,"1,000",400,2.38,952,1.00,0,6,1,BenQ XL2546K,240,RTX 2070 Super,,,,,,,
"1,002",Streamer,SmithZz,Rifler,Razer Viper Ultimate,"1,000",400,1.88,752,0.80,0,6,0,AOC AG251FZ,240,,1024Ã—768,4:3,STR,Logitech G640,Logitech G513,Logitech G Pro X Wireless Headset,
"1,000",Free Agent,skywhywalker,Rifler,Logitech G Pro X Superlight Black,"1,000","1,200",3.00,"3,600",1.00,0,6,1,BenQ XL2546K,240,RTX 3060 Ti,,,,,,,CONFIG
34,EG,HexT,Rifler,Razer DeathAdder V3 Pro,"1,000",400,1.40,560,1.00,0,6,1,BenQ XL2540,240,,1280x960,4:3,STR,Zowie G-SR,Logitech G Pro X Mechanical Keyboard,HyperX Cloud II,
50,Titans,Nodios,Rifler,Zowie EC1-A,"1,000",400,1.51,604,0.90,0,6,1,BenQ XL2546K,240,,1152x864,4:3,STR,Razer Gigantus V2,Razer Huntsman Elite,HyperX Cloud II,CONFIG
38,MR,MartinezSa,AWPer,Logitech G Pro X Superlight Black,"1,000",400,3.09,"1,236",1.00,0,6,1,BenQ XL2546,240,GTX 1070,1280x960,4:3,STR,SteelSeries QcK+,Logitech G915 TKL,HyperX Cloud II,
331,allStars Gaming,Rock1nG,Rifler,Logitech G Pro X Superlight White,"1,000",400,1.80,720,1.00,0,6,1,BenQ XL2546,240,RTX 2070,1280x960,4:3,STR,Logitech G640,Xtrfy K4-RGB TKL,HyperX Cloud II,CONFIG
803,Benched Heroes,fear,Rifler,Logitech G Pro X Superlight Black,"1,000",400,1.30,520,1.00,0,6,1,BenQ XL2546K,240,GTX 1080 Ti,1280x960,4:3,STR,Xtrfy GP4 Street Blue,Logitech G Pro X Mechanical Keyboard,Logitech G Pro X Headset,
780,Lynn Vision,Starry,Rifler,,"1,000",400,1.35,540,1.00,0,6,1,BenQ XL2546K,,,1280x960,4:3,STR,,,,
"1,002",Streamer,fANDER,Rifler,Zowie EC2,"1,000",800,1.00,800,1.00,0,6,1,BenQ XL2546K,240,RTX 3070 Ti,1440x1080,4:3,STR,Zowie G-SR,Logitech G915 TKL,HyperX Cloud Alpha S,CONFIG
112,FTW,kst,Rifler,Zowie EC1-A,"1,000",400,2.50,"1,000",1.00,0,6,1,BenQ XL2546K,240,,1280x960,4:3,STR,Fnatic Gear DASH,Fnatic Gear MiniStreak,Fnatic REACT+,CONFIG
37,Sangal,Soulfly,Rifler,Logitech G Pro X Superlight Black,"1,000",800,1.30,"1,040",1.00,0,6,1,BenQ XL2546K,240,,1280x1024,5:4,STR,,,,
805,Team Sampi,matys,Rifler,Glorious Model O Wireless,"1,000",800,0.90,720,1.00,0,6,1,BenQ XL2546K,240,,,,,,,,
186,BLUEJAYS,CacaNito,Rifler,Logitech G Pro X Superlight Black,"1,000",400,1.50,600,1.04,0,6,1,BenQ XL2546K,240,RTX 2060,1280x1024,5:4,STR,Logitech G640,Logitech G513,HyperX Cloud II,CONFIG
10,Astralis,MistR,Rifler,Logitech G Pro X Superlight Magenta,"1,000",600,0.92,552,0.75,0,6,1,BenQ XL2546K,240,,1680x1050,16:10,STR,Logitech G640,Logitech G Pro X Mechanical Keyboard,Logitech G Pro X Headset,
"1,000",Free Agent,blocker,Rifler,Zowie EC2-C,"1,000",400,1.75,700,1.00,0,6,1,BenQ XL2546K,,,1024x768,4:3,BB,Logitech G640,HyperX Alloy FPS,Sennheiser GSP 600,
806,Ambush Esports,devoduvek,Rifler,Zowie EC2-B Divina Edition,"1,000",400,1.80,720,1.00,0,6,1,ASUS ROG Swift PG259QN,240,RTX 3080,1024x768,4:3,BB,Zowie G-SR,Zowie Celeritas II,HyperX Cloud II,
"1,000",Free Agent,dimaoneshot,Rifler,Logitech G Pro X Superlight White,"1,000",800,1.10,880,1.00,0,6,1,BenQ XL2546K,240,RTX 3080 Ti,1680x1050,16:10,STR,VAXEE PA FunSpark,Xtrfy K2-RGB,Sennheiser GSP 600,CONFIG
37,Sangal,kyuubii,Rifler,Logitech G Pro X Superlight Black,"1,000",800,1.15,920,1.00,0,6,1,BenQ XL2546K,240,RTX 2070 Super,1280x960,4:3,STR,Endgame Gear MPJ450 Sprout,Logitech G Pro X Mechanical Keyboard,Sennheiser GSP 500,CONFIG
41,Monte,joel,AWPer,Logitech G Pro X Superlight Black,"1,000",400,2.10,840,1.00,0,6,1,BenQ XL2546K,240,,1280x960,4:3,STR,SteelSeries QcK Heavy,Logitech G Pro X Mechanical Keyboard,Logitech G Pro X Headset,CONFIG
332,Rare Atom,Mercury,Rifler,Zowie S2,"1,000",400,2.12,848,1.00,0,6,1,BenQ XL2546K,240,RTX 3080,1280x960,4:3,STR,Zowie G-SR,SteelSeries Apex Pro,HyperX Cloud II,
23,IHC,Annihilation,AWPer,Logitech G Pro X Superlight Black,"1,000",400,1.65,660,1.00,0,6,1,BenQ XL2546K,,,1280x960,4:3,STR,SteelSeries QcK+,HyperX Alloy Origins,HyperX Cloud Alpha S,
75,BIG,s1n,Rifler,Logitech G Pro X Superlight Black,"1,000",400,1.80,720,1.00,0,6,1,BenQ XL2546K,240,,1280x960,4:3,STR,Corsair MM350 Champion Series,Ducky One 2 Mini RGB White,Corsair VOID Pro,CONFIG
22,9z Team,buda,Rifler,Logitech G Pro X Superlight Black,,,,,,,,,BenQ XL2546K,240,,,,,,,,
178,K23,Raijin,Rifler,Logitech G Pro X Superlight Magenta,,,,,,,,,BenQ XL2546K,,,1920x1080,16:9,,,,,
37,Sangal,kory,Rifler,Logitech G Pro X Superlight Black,"1,000",800,1.50,"1,200",1.00,0,6,1,BenQ XL2546K,240,,1280x960,4:3,STR,Logitech G640,,,
37,Sangal,ScrunK,Rifler,ZOWIE FK2-B,"1,000",800,1.05,840,1.00,0,6,1,BenQ XL2546K,240,,1280x1024,5:4,STR,ZOWIE GTF-X,Logitech G512,Logitech G Pro X Headset,
41,Nemiga,fostar,Rifler,Logitech G Pro X Superlight Black,"1,000",800,1.34,"1,072",1.00,0,6,1,BenQ XL2546K,240,,1152x864,4:3,BB,HATOR NAVI Out of Space,Logitech G Pro X Mechanical Keyboard,Logitech G Pro X Headset,CONFIG
"1,000",Free Agent,mertz,Rifler,Zowie FK1,"1,000",400,2.40,960,1.00,0,6,1,BenQ XL2546K,240,,1024x768,4:3,BB,SteelSeries QcK Heavy,SteelSeries APEX M750 TKL,HyperX Cloud II,CONFIG
108,Nouns Esports,Jeorge,Rifler,Logitech G Pro X Superlight Black,"1,000",800,1.55,"1,240",1.00,0,6,1,BenQ XL2546K,240,,1920x1080,16:9,,Corsair MM350 Champion Series,HyperX Alloy Origins,HyperX Cloud II,
