rank,Team,wdt_ID,Name,Mouse,HZ,DPI,Sensitivity,eDPI,Scoped Sensitivity,Monitor,Monitor HZ,GPU,Resolution,Mousepad,Keyboard,Headset
"1,000",Streamer,1,shroud,Logitech G303 Shroud Edition,"1,000",400,0.8,320,1,Alienware AW2721D,240,RTX 3090,2560x1440,Logitech G840 SE,Logitech G Pro X Keyboard SE,Logitech G Pro X Wireless Headset SE
"1,000",Streamer,2,summit1g,FinalMouse Air58 Ninja CBR Edition,500,400,0.415,166,1,Samsung Odyssey G7,240,RTX 2080 Ti,1920x1080,Corsair MM500,Corsair K70 RGB MK.2,Audio Technica ATH-AD700X
126,T1 (S),3,Brax,Logitech MX518,"1,000",400,0.55,220,1,BenQ XL2546S,240,RTX 2080 Ti,1920x1080,SteelSeries QcK Heavy,Logitech G Pro X Mechanical Keyboard,Sennheiser HD 600
"1,000",Streamer,4,n0thing,Logitech G100s Custom,"1,000",400,0.645,258,1,Alienware AW2521H,240,RTX 3090,1920x1080,Logitech G440,Logitech G Pro X MK SE,Logitech G Pro X Wireless Headset SE
999,FA,5,Skadoodle,Logitech G Pro X Superlight Black,500,400,0.6,240,1,BenQ XL2546,240,RTX 2080,1920x1080,Zowie G-SR,Logitech G Pro X Mechanical Keyboard,Logitech G Pro X
"1,000",Streamer,6,ONSCREEN,Logitech G Pro Wireless,"1,000",400,1,400,1,BenQ XL2740,240,RTX 2080 Ti,1920x1080,,Logitech G Pro X Mechanical Keyboard,Beyerdynamic DT 1990 Pro
"1,000",Streamer,7,dizzy,FinalMouse Starlight 12,500,800,0.35,280,1,BenQ XL2546,240,RTX 2080 Ti,1920x1080,Zowie G-SR-SE,SteelSeries Apex Pro TKL,Apple EarPods
127,NRG Esports (S),8,aceu,FinalMouse Starlight Pro,"1,000",800,0.51,408,1,BenQ XL2546,240,RTX 3090 Ti,1920x1080,Zowie G-SR-SE,Ducky One TKL White,Apple EarPods
999,FA,9,AZK,Logitech G Pro Wireless,"1,000",400,0.628,251,1,BenQ XL2540,240,GTX 1080,1920x1080,Logitech G640,Logitech G Pro X Mechanical Keyboard,Logitech G Pro X
"1,000",Streamer,10,Hiko,Razer DeathAdder V3 Pro,"1,000","1,600",0.36,576,1,Alienware AW2521H,360,RTX 3090,1920x1080,Zowie G-SR-SE,Razer BlackWidow TE,JBL Quantum ONE
13,Liquid,11,ScreaM,FinalMouse Classic Ergo 2,"1,000",400,0.741,296,1,Alienware AW2521H,360,RTX 3080,1920x1080,SteelSeries QcK Heavy,HyperX Alloy FPS,HyperX Cloud II
43,Sentinels,13,TenZ,FinalMouse Starlight Pro(Small & Medium),"1,000","1,600",0.22,352,1,BenQ XL2566K,360,RTX 3090,1920x1080,Zowie G-SR,Xtrfy K4 TKL,Xtrfy H2
125,Liquid (S),14,EliGE,Logitech G Pro Wireless,"1,000","1,600",0.233,372,0.8,Alienware AW2518H,240,GTX 1080 Ti,1680x1050,Zowie G-SR,Massdrop ALT High Profile,Sennheiser PC37X
"1,000",Streamer,15,Myth,Logitech G703,"1,000",700,0.225,157,0.554,ASUS ROG Swift PG258Q,240,RTX 3090,1920x1080,Logitech G840,Logitech G Pro X Mechanical Keyboard,Logitech G Pro X
"1,000",Streamer,16,Ninja,Logitech G Pro X Superlight Black,"1,000",400,0.55,220,0.7,Alienware AW2518H,240,RTX 3070,1920x1080,HyperX FURY S Pro SE X-Large,SteelSeries Apex Pro TKL,Beyerdynamic DT 1990 Pro
130,EG (S),17,Stewie2k,Logitech G Pro X Superlight Black,"1,000",400,0.61,244,1.2,Alienware AW2521H,360,RTX 2080 Ti,1920x1080,SteelSeries QcK Heavy,Logitech G512,HyperX Cloud II
128,NaVi (S),20,s1mple,Logitech G Pro X Superlight White,"1,000",400,0.974,389,0.974,BenQ XL2540,240,GTX 1080,1920x1080,HATOR INTBS,Logitech G Pro X Mechanical Keyboard,Logitech G Pro X
125,Liquid (S),22,Mendo,Logitech G Pro X Superlight,500,450,0.55,247,1,Alienware AW2521H,360,RTX 3080,1440x1080,Artisan Zero,Tofu 60% Zealios 67g Switches,beyerdynamic DT 1990 Pro
999,FA,26,L1NK,Zowie EC2-B Divina Edition,"1,000",800,0.3,196,1,BenQ XL2546,240,RTX 3080,1280x960,VAXEE PB,Ducky One 2 TKL White,HyperX Cloud II
999,FA,27,KRYPTIX,Pulsar Xlite V2 Wireless,"1,000",400,0.471,188,0.8,BenQ XL2540,240,RTX 3080,1920x1080,Razer Gigantus V2,Razer Huntsman TE,Razer BlackShark V2
999,FA,29,ec1s,VAXEE ZYGEN NP-01,"1,000",800,0.314,251,1,BenQ XL2546,240,RTX 3080,1920x1080,Zowie G-SR-SE Sweden Edition,Logitech G Pro X Mechanical Keyboard,Logitech G Pro X
13,Liquid,30,soulcas,Zowie EC2-C,"1,000",400,0.48,192,0.88,Alienware AW2521H,360,RTX 3080,1920x1080,SteelSeries QcK Heavy,KBD67 Custom,HyperX Cloud II
"1,000",Streamer,31,Kephrii,ASUS ROG Gladius,"2,000",400,0.5,200,0.65,ASUS ROG Swift PG258Q,240,RTX 2080 Ti,1920x1080,Glorious 3XL,SteelSeries Apex Pro TKL,Turtle Beach Elite Atlas Aero
43,Sentinels (B),33,ShahZaM,Logitech G703,"1,000",400,0.53,212,1,BenQ XL2546,240,RTX 3090,1920x1080,Artisan Zero,KBD8X MKII Custom,HyperX Cloud II
43,Sentinels (B),34,SicK,Logitech G900,"1,000",800,0.235,188,1,BenQ XL2546,240,RTX 3080,1920x1080,Logitech G640,HyperX Alloy FPS Pro,HyperX Cloud II
43,Sentinels (S),35,Sinatraa,Logitech G Pro X Superlight Black,"1,000",800,0.387,309,1,"OMEN by HP 24.5""",240,RTX 3090,1920x1080,Logitech G640,Logitech G Pro X Mechanical Keyboard,JBL Quantum ONE
43,Sentinels (B),36,zombs,Logitech G Pro X Superlight,"1,000",400,0.54,216,1,BenQ XL2540,240,RTX 3080,1280x960,Logitech G640,Ducky One 2 Mini RGB,Sennheiser G4ME ONE
126,T1 (S),37,Selly55,Logitech G Pro Wireless,"1,000",400,0.88,352,1,BenQ XL2546,240,RTX 2080,1920x1080,SteelSeries QcK Heavy,Ducky One 2 Mini RGB White,Logitech G Pro X
20,G2 (B),38,mixwell,Logitech G703,"1,000",400,0.69,276,1,AOC AG251FZ2E,240,RTX 3080,1920x1080,Logitech G640,Logitech G Pro X Mechanical Keyboard,Logitech G Pro X Wireless Headset
3,OpTic (B),39,crashies,Razer DeathAdder V3 Pro,"1,000",800,0.25,200,0.875,BenQ XL2546,144,GTX 1080,1920x1080,Artisan Zero,Razer Blackwidow V3 TKL,Razer BlackShark V2
"1,000",Streamer,40,MuMiNo,Zowie EC2-B,"1,000",400,1,400,0.81,AOC AGON AG241QG,165,GTX 1080 Ti,2560x1440,Zowie G-SR-SE,HyperX Alloy Elite,HyperX Cloud II
"1,000",Streamer,41,Sadovnik,Logitech G Pro Wireless,"1,000",400,0.8,320,1,BenQ XL2540,240,RTX 2080 Ti,1920x1080,HyperX FURY S Speed Edition,Razer Huntsman TE,HyperX Cloud II
999,FA,42,WARDELL,Logitech G Pro X Superlight Black,"1,000",800,0.326,260,1.15,BenQ XL2546,240,RTX 3090,1920x1080,Logitech G640,Logitech G Pro X Keyboard,Logitech G Pro X
45,TSM (B),43,Subroza,Logitech G Pro X Superlight,"1,000",800,0.277,221,1,BenQ XL2540,240,RTX 3090,1920x1080,Logitech G640,Logitech G Pro X Mechanical Keyboard,Logitech G Pro X
"1,000",Streamer,44,PLAYER1,Logitech G Pro Wireless,"1,000",800,0.4,320,1,BenQ XL2411,144,,1920x1080,SteelSeries QcK+,,
999,FA,45,Huynh,Logitech G Pro Wireless,"1,000",800,0.314,251,1,BenQ XL2546,240,GTX 970,1920x1080,Zowie G-SR,HyperX Alloy FPS RGB,Logitech G Pro X
45,TSM (B),46,gMd,Logitech G Pro X Superlight Black,"1,000",400,0.8,320,1,,0,,1920x1080,SteelSeries QcK Heavy,Logitech G Pro X Mechanical Keyboard,HyperX Cloud Flight
3,OpTic (B),47,Victor,Logitech G703,"1,000",800,0.283,226,1,BenQ XL2546,240,RTX 2080,1920x1080,Razer Strider,Razer Blackwidow V3 TKL,Razer BlackShark V2
999,FA,48,rAx,Glorious Model O Matte Black,"1,000",400,0.629,251,1,BenQ XL2546,240,RTX 2080,1920x1080,Logitech G640,Ducky One PBT,Sennheiser G4ME ONE
108,Zero Marksmen Black,49,Bjor,Logitech G303 Shroud Edition,"1,000",400,0.58,232,1,Alienware AW2518H,240,,1920x1080,Zowie G-SR-SE,,Massdrop x Sennheiser 6XX
999,FA,50,DPS,Zowie S2,"1,000",800,0.177,141,1,BenQ XL2540,240,,1366x768,Corsair MM350,,Turtle Beach Elite Pro
999,FA,51,kpiz,Zowie S1 Divina Edition,"1,000",800,0.26,208,1,BenQ XL2546,240,,1440x1080,Zowie G-SR-SE Divina Pink Edition,GK64,HyperX Cloud II
999,FA,52,neph,Zowie EC2-B Divina Edition,"1,000",400,0.6,240,1,BenQ XL2411,144,,1366x768,SteelSeries QcK Heavy,Ducky Shine 5 YOTG,HyperX Cloud II
999,FA,53,hype,Razer Viper Ultimate,"1,000",400,0.55,220,1,BenQ XL2540,240,,1920x1080,Razer Gigantus V2,Razer Huntsman V2 TKL,Razer BlackShark V2 Pro
999,FA,54,leakeN,Zowie EC2,"1,000",400,0.53,212,1,BenQ XL2546,240,,1280x960,Zowie G-SR,Turtle Beach Impact 100,Logitech G Pro X
999,FA,55,iDex,Razer DeathAdder V3 Pro,"1,000",800,0.244,195,1,BenQ XL2546,240,,1920x1080,Zowie G-SR-SE,Ducky MIYA Pro Sakura,HyperX Cloud Alpha
999,FA,56,Coffee,SteelSeries Rival 300,"1,000","1,600",0.24,384,1,BenQ XL2430T,144,GTX 1060,1920x1080,SteelSeries QcK+ NiP Edition,HyperX Alloy FPS,HyperX Cloud Revolver S
999,FA,57,zeddy,Zowie FK2,"1,000",800,0.3,240,1,BenQ XL2430T,144,GTX 1060,1920x1080,Zowie G-SR,HyperX Alloy FPS Pro,HyperX Cloud I
16,Bleed eSports,58,pyth,Logitech G Pro Wireless,"1,000",400,0.63,252,1,AOC AG251FZ2E,240,GTX 1080 Ti,1920x1080,Logitech G640,Logitech G Pro X Mechanical Keyboard,Logitech G Pro X
76,Prodigy,59,JEROME,Logitech MX518 Legendary,"1,000",800,0.471,376,1,BenQ XL2546,240,,1280x960,SteelSeries QcK+,HyperX Alloy FPS,HyperX Cloud Earbuds
999,FA,61,reltuC,Logitech G Pro X Superlight Black,"1,000",800,0.3,240,1,BenQ XL2546,240,GTX 1080,1920x1080,Logitech G640,Logitech G Pro X Mechanical Keyboard,Logitech G Pro X
33,NRG Esports (B),62,hazed,Logitech G Pro X Superlight Black,"1,000",800,0.35,280,1,ASUS ROG Swift PG259QN,360,GTX 1080,1920x1080,Logitech G640,Logitech G Pro X Mechanical Keyboard,Logitech G Pro X
999,FA,63,Drone,Logitech G Pro X Superlight Black,"1,000",800,0.34,272,1,BenQ XL2540,240,GTX 1080 Ti,1920x1080,Logitech G640,Logitech G Pro X Mechanical Keyboard,Logitech G Pro X
98,Excel (B),65,Patitek,Logitech G Pro X Superlight Black,"1,000",400,0.82,328,1,AOC AG251FZ2E,240,RTX 2080 Ti,1920x1080,Logitech G640,Logitech G Pro X Mechanical Keyboard,Logitech G Pro X
999,FA,66,Tenner,Razer Viper,"1,000",800,0.3,240,0.65,,,,1920x1080,,,
999,FA,67,davidp,Logitech G Pro Wireless,"1,000",400,0.58,232,1,AOC AG251FZ2E,240,RTX 2080,1440x900,Logitech G640,Logitech G Pro X Mechanical Keyboard,HyperX Cloud II
"1,000",Streamer,68,N1KOLA,Xtrfy M4 Black,"1,000",800,0.37,296,1,BenQ XL2546,240,,1920x1080,Logitech G640,Ducky One 2 Mini RGB,Sennheiser CX 3.00
54,BIG,70,luckerrr,Razer Viper 8KHz,"1,000",400,0.913,365,1,BenQ XL2546,240,RTX 2080,1920x1080,Razer Gigantus V2,Razer Huntsman V2 TKL,Razer BlackShark V2 Pro
8,Zeta Division,71,Laz,ZOWIE FK1-C,"1,000",800,0.355,284,0.8,BenQ XL2546,240,,1920x1080,Artisan FX Zero Soft,Logitech G915,Logitech G Pro X Wireless Headset
8,Zeta Division,72,crow,Logitech G Pro X Superlight,"1,000",800,0.45,360,1,BenQ XL2546K,240,RTX 2080 Super,1920x1080,Esports Tiger EBA,Logitech G915 TKL,Logitech G Pro X Headset
8,Zeta Division,73,Reita,VAXEE ZYGEN NP-01S,"1,000",800,0.44,352,0.9,BenQ XL2546,240,,1920x1080,Zowie G-SR-SE,Logitech G Pro X Mechanical Keyboard,Logitech G Pro X
999,FA,75,cad,Xtrfy M4 Pink,"1,000",400,0.55,220,0.92,Alienware AW2518H,240,GTX 970,1920x1080,SteelSeries QcK Heavy,Motospeed GK82,GFallen Morcego
78,INTERPOL,76,deM0,Logitech G Pro Wireless,"1,000",400,0.624,249,0.624,BenQ XL2411,144,GTX 1060,1920x1080,HyperX FURY S Pro,HyperX Alloy FPS,HyperX Cloud Alpha PE
105,Stars Horizon,77,DiMAS,Xtrfy M4 Black,"1,000",800,0.45,360,1,BenQ XL2411,144,GTX 1660,1920x1080,Logitech G640,,
78,INTERPOL,78,cry0,Zowie EC1,"1,000",400,0.471,188,1,BenQ XL2540,240,RTX 2070 Super,1920x1080,Zowie G-SR,Logitech G513,Sennheiser GSP 500
43,Sentinels (B),79,dapr,Logitech G Pro X Superlight Black,"1,000",400,0.66,264,1,BenQ XL2546,240,RTX 3080,1920x1080,Zowie G-SR-SE,Corsair K70 TKL,HyperX Cloud II
999,FA,81,ZerG,Logitech G903,"1,000",800,0.4,320,1,Alienware AW2518H,240,GTX 1080 Ti,1920x1080,,AJAZZ AK33,
999,FA,82,Nurfed,Logitech G Pro Wireless,"1,000",400,0.59,236,1,BenQ XL2540,240,,1920x1080,Zowie G-SR,,
112,NaVi (B),83,7ssk7,Logitech G Pro X Superlight White,"1,000",800,0.24,192,1,BenQ XL2546,240,RTX 2080 Ti,1600x900,Logitech G640,Logitech G Pro X Mechanical Keyboard,Logitech G Pro X Headset
1,FPX,84,ANGE1,Logitech G Pro X Superlight,"1,000",800,0.5,400,1,BenQ XL2546,240,RTX 2080 Ti,1280x960,Razer Goliathus Speed,Wooting 60 HE,HyperX Cloud Revolver
999,FA,85,Art1st,Zowie EC2-A,"1,000","1,600",0.141,225,1,BenQ XL2411,144,GTX 1060,1920x1080,Zowie G-SR,HyperX Alloy FPS,HyperX Cloud Alpha
999,FA,86,dinkzj,Zowie S2 Divina Edition,"1,000",800,0.41,328,0.8,BenQ XL2540,240,RTX 2070 Super,1920x1080,Zowie G-SR,Razer BlackWidow Chroma TE V2,
1,FPX,87,Shao,Xtrfy M4 Wireless,"1,000",400,0.428,171,1,BenQ XL2546,240,RTX 2080 Super,1920x1080,VAXEE PA Black,HyperX Alloy FPS,HyperX Cloud II
"1,000",Streamer,88,JASONR,Zowie EC3-C,"1,000",800,0.32,256,1,BenQ XL2540,240,RTX 3080,1920x1080,Razer Gigantus V2,Logitech G915,Razer Adaro
45,TSM (B),89,Corey,Logitech G Pro X Superlight,"1,000",800,0.321,256,1,"OMEN by HP 24.5""",240,RTX 2080 Ti,1920x1080,Logitech G640,Corsair K-70 RGB,Logitech G Pro X
999,FA,90,Relyks,Logitech G Pro Wireless,"1,000",400,0.79,316,1,BenQ XL2540,240,RTX 2080 Super,1920x1080,Artisan Zero (XL/Soft),HyperX Alloy FPS,HyperX Cloud II
999,FA,91,kaboose,Zowie EC2-A,"1,000",400,0.817,326,1,BenQ XL2540,240,,1600x900,SteelSeries QcK Heavy,HyperX Alloy FPS RGB,HyperX Cloud Flight S
22,The Guard (B),92,psalm,Logitech G Pro Wireless,"1,000",800,0.34,272,1,Alienware AW2518H,240,RTX 2080 Ti,,Zowie G-SR-SE Divina Pink Edition,60% Custom Keyboard,Bose SoundSport
4,DRX,93,stax,Razer DeathAdder V3 Pro,"1,000",800,0.21,168,0.8,BenQ XL2546S,240,RTX 2080 Ti,1920x1080,SteelSeries QcK Heavy,Razer Huntsman V2 TKL,Razer BlackShark V2 Pro
1,FPX,94,ardiis,Logitech G Pro X Superlight,"1,000",800,0.295,236,1.14,AOC AG251FZ2E,240,RTX 2080,1920x1080,Artisan Hien FX Soft,Logitech G Pro X Mechanical Keyboard,Logitech G Pro X
999,FA,95,k1Ng,Zowie EC2-B,"1,000",400,1,400,0.9,BenQ XL2546S,240,RTX 2080 Ti,1920x1080,Zowie G-SR,Corsair K-70 RGB,HyperX Cloud II
1,FPX (B),96,rhyme,VAXEE ZYGEN NP-01,"1,000",400,0.5,200,1,BenQ XL2546,240,RTX 3080,1280x960,Zowie G-SR-SE Deep Blue,Xtrfy K4-RGB TKL,HyperX Cloud II
55,Giants,97,Fitinho,Xtrfy M4 Black,"1,000",400,0.63,252,1,BenQ XL2546,240,,1920x1080,Corsair MM350 Champion Series,Xtrfy K2-RGB,HyperX Cloud II
"1,000",Streamer,98,Morgausse,FinalMouse Ultralight 2,500,800,0.25,200,1,BenQ XL2540,240,RTX 2080 Ti,1920x1080,Zowie G-SR,SteelSeries Apex Pro TKL,Sennheiser HD 599 SE
27,FaZe (B),99,POACH,Logitech G Pro X Superlight Black,"1,000",800,0.28,224,1,Alienware AW2518H,240,RTX 3080,1440x1080,Logitech G640,Razer Huntsman Mini,Beyerdynamic DT 990 Pro
74,EG,100,C0M,Logitech G Pro Wireless,"1,000",800,0.25,200,1,BenQ XL2546,240,GTX 1060,1680x1050,Logitech G640,Logitech G610,HyperX Cloud II
999,FA,102,mummAy,Logitech G703,"1,000",400,0.515,206,0.9,BenQ XL2546S,240,RTX 2080 Ti,1920x1080,PureTrak Talent,Corsair K95 RGB,Corsair Virtuoso
54,BIG,103,AslaN,Logitech G Pro X Superlight Black,"1,000",400,0.6,240,1,BenQ XL2546K,240,RTX 2070 Super,1920x1080,Corsair MM250,Corsair K65,Corsair HS80
999,FA,104,Fuzari,Zowie ZA12,"1,000",800,0.745,596,1,AOC G2460PF,144,GTX 1050 Ti,1920x1080,Redragon Kunlun Control,Motospeed CK104,Razer Kraken TE
999,FA,105,gtn,Razer Viper,"1,000",400,0.58,232,1,AOC G2460PF,144,GTX 1650,1680x1050,VAXEE PA Winter 21,Razer BlackWidow Chroma TE V2,HyperX Cloud Stinger
999,FA,106,DeNaro,Razer Viper,"1,000",400,0.52,208,1,Acer Predator XB252Q,240,GTX 1050 Ti,1920x1080,Razer Gigantus,HyperX Alloy FPS,Redragon SCYLLA
999,FA,107,ZachaREEE,FinalMouse Starlight 12,"1,000",800,0.5,400,1,ASUS ROG Swift PG258Q,240,RTX 2080 Ti,1920x1080,Zowie G-SR-SE,Varmilo VA87M Sakura Pink,Sennheiser G4ME ONE
59,Knights (B),108,Genghsta,Razer Viper Ultimate,"1,000","1,600",0.115,184,1,BenQ XL2546,240,GTX 1080,1920x1080,Zowie G-SR,HyperX Alloy FPS Pro,HyperX Cloud II
999,FA,109,Re1ease,Razer Viper,"1,000",400,0.6,240,1,Alienware AW2518H,240,RTX 2070 Super,1920x1080,SteelSeries QcK+,CM Storm Quickfire,Sony MDR-1000X
999,FA,112,fxy0,Xtrfy M4 White,"1,000",400,0.942,376,1,BenQ XL2546,240,GTX 1080,1920x1080,SteelSeries QcK Heavy,SteelSeries Apex Pro TKL,HyperX Cloud II
95,REJECT,113,takej,Zowie EC2-B Divina Edition,"1,000",400,0.434,173,0.82,BenQ XL2546S,240,,1280x960,Logitech G640,Logitech G913,Logitech G Pro X
4,DRX,115,Rb,Razer Viper V2 Pro,"1,000",800,0.345,276,1,BenQ XL2546S,240,RTX 3070,1920x1080,Zowie G-SR,Razer Huntsman V2 TKL,Razer BlackShark V2 Pro
999,FA,116,GodDead,Logitech G Pro X Superlight,"1,000",400,0.691,276,1,BenQ XL2546S,240,RTX 2080 Ti,1920x1080,SteelSeries QcK+,Varmilo VA87M Sakura Pink,HyperX Cloud Revolver S
999,FA,117,Thwifo,Logitech G Pro Wireless,"1,000",800,0.3,240,0.9,Alienware AW2521HF,240,RTX 2070,1600x900,SteelSeries QcK+,SteelSeries Apex Pro TKL,Sennheiser G4ME ONE
999,FA,118,shinobi,Zowie EC2-B Divina Edition,"1,000",400,0.65,260,1,BenQ XL2546,240,RTX 2080 Super,1024x768,SteelSeries QcK Heavy,Corsair K65,HyperX Cloud II
98,Excel (B),119,chiwawa,Zowie S2 Divina Edition,"1,000",400,0.89,356,1,BenQ XL2546,240,GTX 1660 Super,1920x1080,Zowie G-SR,Zet Blade Pro,HyperX Cloud II
999,FA,120,arch,Xtrfy M4 Retro,"1,000",400,0.58,232,1,BenQ XL2546,240,GTX 1070,1920x1080,Xtrfy XTP1 f0rest Edition,Xtrfy K2-RGB White Edition,HyperX Cloud Alpha PE
999,FA,121,Ultimate,Zowie ZA11,"1,000",400,0.7,280,1,BenQ XL2411,144,,1920x1080,Zowie G-SR,Corsair K-70 RGB,HyperX Cloud Flight
27,FaZe,122,babybay,Logitech G Pro X Superlight,"1,000",800,0.244,195,1,BenQ XL2546,240,RTX 2080,1920x1080,SteelSeries QcK Heavy,Logitech G Pro X Mechanical Keyboard,HyperX Cloud Alpha
3,OpTic (L),123,Marved,Razer Viper V2 Pro,"1,000",800,0.306,244,1,BenQ XL2540,240,RTX 3080,1920x1080,Razer Strider,Razer Blackwidow V3 TKL,Razer BlackShark V2
107,ENTER FORCE 36,124,10X,Logitech G Pro Wireless,"1,000","1,600",0.7,"1,120",1.2,BenQ XL2546,240,RTX 2080 Ti,1920x1080,Artisan Hayate Otsu,Logitech G913 TKL,Logitech G Pro X
31,DWG KIA,125,Esperanza,Logitech G Pro X Superlight,"1,000",800,0.32,256,1,BenQ XL2546,240,RTX 2080 Ti,1440x1080,SteelSeries QcK Heavy,HyperX Alloy FPS,HyperX Cloud II
999,FA,126,Sunday,Logitech G Pro Wireless,"1,000",400,0.597,238,0.88,BenQ XL2546,240,RTX 2080 Ti,1920x1080,,,
999,FA,127,Bazzi,Zowie EC2-B,"1,000","1,600",0.17,272,0.75,Alienware AW2518H,240,RTX 2080,1920x1080,Logitech G640,Logitech G Pro X Mechanical Keyboard,
999,FA,128,Moothie,Zowie S1,"1,000",400,0.425,170,0.764,BenQ XL2546,240,RTX 2070 Super,1920x1080,Artisan Zero (XL/Soft),Filco Majestouch2 TKL,
49,T1,129,Munchkin,Logitech G Pro X Superlight Black,"1,000",800,0.2,160,1,,,,1440x1080,VAXEE PA Winter 21,Leopold FC750R,
70,NYFU (B),130,vice,Logitech G Pro Wireless,"1,000",800,0.245,196,1,BenQ XL2546,240,GTX 1080 Ti,1280x960,HyperX FURY S Speed Edition,Logitech G915 TKL,HyperX Cloud Revolver S
49,T1 (B),131,steel,Razer DeathAdder V3 Pro,"1,000",800,0.45,360,1,BenQ XL2546,240,RTX 3080,1920x1080,Razer Gigantus V2,Razer Huntsman V2 TKL,Razer BlackShark V2 Pro
999,FA,132,Enzo,Logitech G Pro X Superlight Black,"1,000",800,0.5,400,1,BenQ XL2546,240,RTX 2080 Super,1440x1080,VAXEE PA Black,Razer Huntsman V2,HyperX Cloud II
999,FA,133,HyP,Xtrfy M4 White,"1,000",800,0.45,360,1,,,RTX 2080 Ti,1920x1080,,,
999,FA,134,CREA,Zowie EC2-B Divina Edition,"1,000",800,0.345,276,1,BenQ XL2546,240,,1920x1080,Zowie G-SR,Corsair STRAFE,HyperX Cloud Alpha
1,FPX,135,Zyppan,Logitech G Pro X Superlight Black,"1,000",800,0.3,240,1,,,GTX 1080 Ti,1920x1080,Zowie G-SR-SE Rouge,,
131,FaZe (S),136,Shanks,Zowie FK1,"1,000",400,0.6,240,1,BenQ XL2546,240,RTX 2060 Super,1920x1080,Zowie G-SR,Logitech G Pro X Mechanical Keyboard,HyperX Cloud II
38,100T,137,Asuna,Razer DeathAdder V2,"1,000","1,400",0.272,380,0.9,BenQ XL2546K,240,RTX 3090,1920x1080,Artisan FX Zero Soft,Corsair K-70 RGB,HyperX Cloud II
999,FA,138,KOLER,Logitech G Pro Wireless,"1,000",400,0.758,303,1,BenQ XL2546,240,,1920x1080,Zowie G-SR,Corsair K63 RGB,Sennheiser GAME ZERO
27,FaZe (B),139,Dicey,VAXEE OUTSET AX,"1,000",800,0.18,144,1,BenQ XL2546K,240,GTX 1080 Ti,1920x1080,Artisan Zero,Ducky One 2 Mini RGB,Sennheiser G4ME ONE
44,Gen.G (B),140,jcStani,Zowie ZA11,"1,000",800,0.4,320,1,,240,,1440x1080,Logitech G640,Leopold FC750R,Audio Technica M50x + modmic
999,FA,141,ROK3T,Logitech G Pro Wireless,"1,000",800,0.3,240,1,BenQ XL2546,240,RTX 2080 Ti,1920x1080,Zowie G-SR,Logitech G Pro X Mechanical Keyboard,Logitech G Pro X
999,FA,142,Yacine,Logitech G Pro Wireless,"1,000",800,0.4,320,1,BenQ XL2546,240,RTX 2080 Ti,1920x1080,QPAD FX-50,Xtrfy XG1-R LED,HyperX Cloud Alpha
999,FA,143,bonkar,Razer Viper,"1,000",800,0.384,307,1,ASUS ROG Swift PG258Q,240,GTX 1080,1680x1050,Xtrfy XTP1 Volcano Edition,Xtrfy XG1-R LED,HyperX Cloud Alpha
999,FA,144,ohai,Razer Orochi V2,"1,000",400,0.47,188,1,Alienware AW2518H,240,RTX 2080 Ti,1920x1080,SteelSeries QcK Heavy,Ducky One 2 Mini RGB,ASTRO A40
999,FA,145,rara,Logitech G703,"1,000",800,0.355,284,1,ASUS ROG Swift PG258Q,240,RTX 2080,1280x960,Logitech G640,HyperX Alloy FPS Pro,HyperX Cloud II
999,FA,146,Rawkus,FinalMouse Starlight Pro,"1,000",800,0.4,320,1,BenQ XL2546,240,RTX 2080,1920x1080,Artisan Zero,Ducky One 2 Mini RGB,Sennheiser GAME ZERO
20,G2 (B),148,Meddo,Xtrfy M4 Black,"1,000",800,0.25,200,1,BenQ XL2546,240,RTX 2080 Super,1920x1080,,,SteelSeries Arctis Pro White
55,Giants (B),149,ShadoW,FinalMouse Ultralight 2,500,400,0.408,163,1,BenQ XL2546,240,RTX 2080 Super,1920x1080,SteelSeries QcK+,Logitech G Pro X Mechanical Keyboard,Logitech G Pro X
999,FA,150,DXN,Razer Viper Ultimate,"1,000",400,0.62,248,0.82,BenQ XL2546S,240,,1600x900,Cooler Master MP510,Ducky One 2 Mini RGB,Sennheiser PC37X
999,FA,151,Venerated,Logitech G Pro Wireless,"1,000",800,0.28,224,1,Alienware AW2518H,240,RTX 2080 Ti,1920x1080,Zowie G-SR-SE,Corsair K65,Sennheiser HD 598
93,Pioneers,152,thief,Zowie EC2-A,"1,000",800,0.3,240,1,BenQ XL2540,240,GTX 1080,1920x1080,Zowie G-SR,Corsair STRAFE,HyperX Cloud II
56,Ghost,153,aproto,Razer DeathAdder V3 Pro,"1,000",800,0.31,248,1,BenQ XL2546K,240,,1920x1080,Razer Gigantus V2,Razer Blackwidow V3 TKL,HyperX Cloud II
999,FA,154,Efina,Zowie EC2,"1,000",400,0.45,180,0.92,BenQ XL2546S,240,RTX 2080,1920x1080,SteelSeries QcK Heavy,SteelSeries Apex M500,
999,FA,156,DaZeD,Logitech G Pro Wireless,"1,000",400,0.55,220,1,BenQ XL2540,240,GTX 1080,1920x1080,HyperX FURY S Pro X-Large,Razer BlackWidow TE,Sennheiser HD 600
22,The Guard (B),157,sayaplayer,Logitech G Pro Gaming Mouse,"1,000","1,000",0.339,339,1,BenQ XL2546K,240,RTX 2080,1920x1080,Esports Tiger LongTeng SE,Leopold FC750R,HyperX Cloud II Wireless
20,G2 (B),158,nukkye,Logitech G Pro X Superlight,"1,000","1,600",0.23,368,1,AOC AG251FZ2E,240,RTX 2080 Super,1920x1080,Logitech G640,Logitech G Pro X Mechanical Keyboard,Logitech G Pro X
100,MIBR,160,frz,Logitech G Pro Wireless,"1,000",800,0.3,240,1,Alienware AW2518HF,240,RTX 2070 Super,1920x1080,VAXEE PA ZYGEN,Logitech G Pro X Mechanical Keyboard,Logitech G Pro X
43,Sentinels,162,pANcada,VAXEE XE Pink,"1,000",800,0.28,224,1,BenQ XL2546,240,GTX 1060,1440x1080,VAXEE PA FunSpark,Razer Huntsman V2 TKL,HyperX Cloud II
999,FA,163,jonba,Zowie FK1+,"1,000",400,0.6,240,1,BenQ XL2540,240,GTX 1070,1920x1080,Zowie G-SR-SE,HyperX Alloy FPS Pro,HyperX Cloud Alpha
999,FA,164,Yurii,Logitech G Pro Wireless,"1,000",400,0.55,220,1,,,RTX 2080 Super,,,,
3,OpTic,165,FNS,Logitech G Pro Wireless,"1,000",400,0.55,220,1,BenQ XL2546,240,RTX 3090,1920x1080,Artisan FX Zero Soft,Razer BlackWidow V3 Pro,Razer BlackShark V2
999,FA,166,WeDid,Logitech G703,"1,000","1,600",0.18,288,1,Acer XB240H,240,RTX 2080,1920x1080,,Razer BlackWidow Chroma V2,Logitech G432
7,Guild (B),167,Sayf,Logitech G Pro X Superlight,"1,000",400,0.5,200,1.3,ASUS ROG Swift PG259QN,240,RTX 3080,1280x1024,Lethal Gaming Gear Saturn,HyperX Alloy Origins 60,HyperX Cloud II
109,Resonate,168,insky,FinalMouse Ultralight 2,"1,000",400,0.585,234,1,BenQ XL2546,240,GTX 1080,1366x768,SteelSeries QcK+,SteelSeries Apex Pro TKL,SteelSeries Arctis Pro Wireless
999,FA,169,Kongared,Zowie EC2-B,"1,000",400,0.39,156,1,BenQ XL2546,240,GTX 1070,1920x1080,Razer Gigantus,Razer BlackWidow Chroma TE V2,HyperX Cloud II
32,Full Sense,170,PTC,Logitech G Pro X Superlight,"1,000",800,0.38,304,1,BenQ XL2546,240,RTX 3070,1920x1080,Logitech G640,HyperX Alloy FPS,Logitech G Pro X Headset
999,FA,172,wannafly,Zowie FK1+,"1,000",800,0.35,280,1,BenQ XL2546,240,RTX 2070 Super,1920x1080,Zowie G-SR,Zowie Celeritas II,Beyerdynamic MMX300
999,FA,173,Acetis,Zowie FK2,"1,000",800,0.65,520,1,BenQ XL2546,240,GTX 1070 Ti,1920x1080,,,
42,M3C,174,Chronicle,Logitech G Pro X Superlight,"1,000",400,1.25,500,0.777,ASUS TUF VG279QM,240,,1920x1080,Zowie G-SR-SE,Anne Pro 2,Logitech G Pro X Wireless Headset
999,FA,175,d3ffo,Zowie FK1+B,"1,000",800,0.51,408,1,BenQ XL2546,240,GTX 970,1280x960,VAXEE PA,Logitech G Pro Mechanical Keyboard,Sennheiser GAME ZERO
42,M3C,176,Sheydos,Logitech G Pro X Superlight White,"1,000",400,0.81,324,1.1,BenQ XL2546K,240,RTX 2080 Super,1280x960,VAXEE PA,Logitech G Pro X Mechanical Keyboard,Logitech G Pro X Headset
999,FA,177,Sunset,FinalMouse Ultralight 2,500,800,0.5,400,1,BenQ XL2420Z,144,RTX 2080 Super,1920x1080,Logitech G440,Vortex Pok3r White,Sennheiser GSP 370
999,Free Agent,178,nAts,Zowie S2,"1,000",800,0.49,392,1,BenQ XL2546K,240,RTX 2060 Super,1280x960,Zowie G-SR,HyperX Alloy FPS Pro,HyperX Cloud Alpha S
999,FA,179,MkaeL,Razer DeathAdder V2 Pro,"1,000",800,0.3,240,1,,,GTX 1080 Ti,1920x1080,,Ducky One 2 Mini RGB,Logitech G Pro X
999,FA,180,patochovsk,Razer DeathAdder V2,"1,000",400,0.6,240,1,AOC AG251FZ,240,GTX 1660 Ti,1920x1080,HyperX FURY S Pro,Razer BlackWidow Chroma TE V2,GFallen Morcego
999,FA,181,FLG1,Glorious Model D Matte Black,"1,000",400,0.57,228,1,AOC AG251FZ,240,RTX 2060,1440x1080,Zowie G-SR,HyperX Alloy Origins Core,GFallen Morcego
999,FA,182,GTFAFMX,Razer DeathAdder Elite,"1,000",800,0.9,720,1,AOC AG251FZ,240,GTX 1080 Ti,1920x1080,Artisan Hayate Otsu,Corsair K70 Rapidfire,Sennheiser PC 363D
110,Unicorns of Love,183,nico,Logitech G Pro Wireless,"1,000",400,0.404,161,1,Alienware AW2518H,240,RTX 2080 Super,1280x1024,Glorious 3XL,Logitech G Pro X Mechanical Keyboard,Logitech G Pro X Wireless Headset
999,FA,184,murii,G-Wolves Hati Black,"1,000",600,0.1,60,1,ASUS ROG Strix XG248Q,240,RTX 2070 Super,1798x1080,Glorious 3XL,Ducky MIYA Pro Sakura,Logitech G430
999,FA,185,Zik,Razer Viper Mini,"1,000",400,0.628,251,1,BenQ XL2546,240,,1600x1024,Razer Gigantus V2,Razer BlackWidow V3 Pro,Razer BlackShark V2 Pro
33,NRG Esports,187,s0m,Logitech G Pro X Superlight White,"1,000",400,0.8,320,1.1,BenQ XL2546,240,RTX 3080,1920x1080,SteelSeries QcK Large,Razer Huntsman TE,HyperX Cloud II
999,FA,189,ShoT_UP,Logitech G502 Proteus Spectrum,"1,000",850,0.311,264,1,BenQ XL2411,144,,1920x1080,SteelSeries QcK Heavy,Razer BlackWidow Ultimate,HyperX Cloud II
37,Cloud9 Blue (B),190,mitch,Zowie EC2-B Divina Edition,"1,000",800,0.28,224,1,BenQ XL2540,240,RTX 2080 Super,1920x1080,HyperX FURY S Pro,Ducky One 2 Mini RGB,HyperX Cloud Alpha
33,NRG Esports (B),193,ANDROID,Zowie FK2,"1,000",800,0.35,280,1,BenQ XL2546,240,RTX 2080,1920x1080,Razer Gigantus,Logitech G915,HyperX Cloud II
47,Heretics,194,lowel,Razer DeathAdder V3 Pro,"1,000",400,0.566,226,1,BenQ XL2546,240,RTX 2080 Ti,1920x1080,Zowie G-SR DG,Razer Huntsman V2 TKL,Logitech G Pro X Wireless Headset
36,Acend (B),195,Zeek,Logitech G Pro X Superlight,"1,000",800,0.37,296,1,BenQ XL2540,240,RTX 2060,1280x960,Artisan Hien FX Soft,Logitech G Pro X Mechanical Keyboard,Logitech G Pro X
999,FA,196,Anaks,Razer Viper Ultimate,"1,000",400,0.295,118,1.01,,,GTX 1080 Ti,1920x1080,Zowie G-SR,Logitech G Pro Mechanical Keyboard,
"1,000",Streamer,197,n0ted,FinalMouse Ultralight 2,500,800,0.471,376,1,BenQ XL2546,240,,1920x1080,The Mousepad Company,SteelSeries Apex Pro,
999,FA,198,Ladiff,Logitech G Pro X Superlight Black,"1,000",800,0.5,400,1,BenQ XL2411,144,RTX 2070 Super,1440x1080,HyperX FURY S Pro SE X-Large,CM MasterKeys Pro L,HyperX Cloud Alpha S
13,Liquid,199,Jamppi,VAXEE OUTSET AX Yellow,"1,000",800,0.42,336,1.009,ASUS ROG XG258Q,240,RTX 2080 Ti,1440x1080,VAXEE PA,Razer Huntsman Mini,HyperX Cloud II
33,NRG Esports (B),200,Ethan,Xtrfy M4 Wireless,"1,000",400,0.73,292,0.914,BenQ XL2540,240,RTX 2080 Ti,1920x1080,Razer Gigantus,Razer BlackWidow Lite,HyperX Cloud II
999,FA,201,curry,Logitech G Pro X Superlight,"1,000",800,0.375,300,1,BenQ XL2540,240,RTX 2080 Super,1280x960,Artisan FX Zero XSoft,Ducky One 2 TKL RGB,Logitech G Pro X Wireless Headset
"1,000",Retired,202,YaBoiDre,Logitech G Pro Wireless,"1,000",800,0.314,251,1,Alienware AW2518H,240,GTX 1080 Ti,1920x1080,HyperX FURY S Speed Edition,Logitech G Pro Mechanical Keyboard,Bose QC20
38,100T,203,stellar,Logitech G Pro Wireless,"1,000",800,0.25,200,1,BenQ XL2546,240,RTX 3070,1280x960,Zowie G-SR,Ducky One 3 TKL Matcha,HyperX Cloud II
58,Shopify Rebellion,204,moose,Logitech G Pro X Superlight,"1,000",800,0.33,264,1,BenQ XL2546,240,GTX 1080,1920x1080,Logitech G640,CM MasterKeys Pro S,HyperX Cloud II
999,FA,205,Kehmicals,Logitech G Pro X Superlight Black,"1,000",800,0.38,304,1,BenQ XL2546S,240,GTX 1070,1920x1080,HyperX FURY S Pro X-Large,Logitech G Pro X Mechanical Keyboard,HyperX Cloud II
999,FA,206,BCJ,Glorious Model D-,"1,000",800,0.37,296,1,ASUS ROG Swift PG279Q,240,RTX 3070 Ti,1440x1080,Zowie G-SR-SE Rouge,Varmilo VA87M,Sennheiser G4ME ONE
999,FA,207,RUBINO,VAXEE ZYGEN NP-01,"1,000",400,0.62,248,1,BenQ XL2546,240,RTX 2080 Ti,1920x1080,Artisan FX Zero XSoft,Logitech G Pro X Mechanical Keyboard,Logitech G Pro X Wireless Headset
36,Acend (B),208,cNed,Zowie ZA12,"1,000",800,0.32,256,1,BenQ XL2546K,240,RTX 3080,1920x1080,SteelSeries QcK Heavy,Xtrfy K4-RGB TKL,HyperX Cloud II
33,NRG Esports (B),209,tex,Logitech G Pro X Superlight Black,"1,000",800,0.38,304,,ASUS VG248QE,144,,1920x1080,SteelSeries QcK Heavy,HyperX Alloy FPS,HyperX Cloud II
127,NRG Esports (S),210,Ethos,Razer DeathAdder V3 Pro,"1,000",400,0.69,276,0.69,BenQ XL2546,240,RTX 3090,1920x1080,VAXEE PA,Custom Keyboard,HyperX Cloud II
999,FA,211,Poiz,Logitech G Pro X Superlight,"1,000",800,0.45,360,1,BenQ XL2546,240,,1920x1080,HyperX FURY S Pro,,
20,G2 (B),212,AvovA,Logitech G Pro X Superlight Black,"1,000",800,0.33,264,1,BenQ XL2546,240,RTX 3080,1920x1080,Logitech G640,Logitech G Pro X Mechanical Keyboard,Logitech G Pro X Wireless Headset
47,Heretics,213,pAura,Zowie S2,"1,000",400,0.55,220,1,BenQ XL2546,240,RTX 2060 Super,1920x1080,HyperX FURY S Pro,HyperX Alloy FPS Pro,Logitech G Pro X Wireless Headset
13,Liquid,214,dimasick,Logitech G Pro X Superlight Black,"1,000",400,0.75,300,1,BenQ XL2546,240,RTX 2080 Super,1280x960,Artisan Zero,HyperX Alloy Origins,HyperX Cloud Alpha
999,FA,216,sutecas,Razer Viper Ultimate,"1,000",800,0.4,320,0.8,BenQ XL2546,240,RTX 2070,1920x1080,VAXEE PA Winter 21,Corsair K70 RGB MK.2,HyperX Cloud Alpha
6,LOUD,217,Saadhak,Logitech G Pro X Superlight Magenta,"1,000",800,0.24,192,1,Alienware AW2518H,240,RTX 2080,1920x1080,Artisan Hayate Otsu,Logitech G915 TKL,HyperX Cloud II
43,Sentinels,218,Sacy,Logitech G Pro X Superlight White,"1,000",800,0.4,320,1,BenQ XL2546,240,RTX 2060,1920x1080,VAXEE PA Summer22,Logitech G915,Logitech G Pro X Headset
49,T1,219,xeta,Logitech G Pro X Superlight Black,"1,000",400,0.58,232,0.85,BenQ XL2546,240,,1920x1080,HyperX FURY S Pro,HyperX Alloy FPS Pro,Sennheiser GAME ZERO
999,FA,220,Shawn,Logitech G305,"1,000","1,200",0.4,480,1,BenQ XL2540K,240,RTX 3070 Ti,1920x1080,Zowie G-SR,Razer Huntsman Mini,Corsair VOID
999,FA,222,NaturE,Logitech G Pro X Superlight Black,"1,000",800,0.508,406,0.68,,,,1920x1080,HyperX FURY S Pro,Logitech G815,HyperX Cloud II
1,FPX,223,Suygetsu,FinalMouse Starlight 12,"1,000",800,0.25,200,1.1,BenQ XL2411,144,GTX 1070,1920x1080,Artisan Zero XSoft,Logitech G Pro X Mechanical Keyboard,Logitech G Pro X
999,FA,224,Ex6TenZ,Zowie FK2,"1,000",400,0.691,276,1,AOC AG251FZ,240,GTX 1080 Ti,1440x1080,Logitech G640,Logitech G Pro Mechanical Keyboard,Logitech G Pro Gaming Headset
5,Fnatic,225,Derke,Logitech G Pro X Superlight Black,"1,000",400,0.74,296,1,BenQ XL2540,240,RTX 2070 Super,1920x1080,Logitech G640,Fnatic Streak65,Logitech G Pro X Headset
999,FA,226,Seoldam,Logitech G Pro X Superlight Black,"1,000",800,0.485,388,1,BenQ XL2546,240,,1920x1080,Xraypad Aqua Control+,Deck Francium 87 Pro,Corsair VOID Pro Wireless
26,Keyd (L),227,mwzera,Logitech G Pro X Superlight Black,"1,000",800,0.32,256,1,BenQ XL2546K,240,RTX 3060,1920x1080,SteelSeries QcK Heavy,HyperX Alloy FPS Pro,GFallen Morcego
37,Cloud9 Blue,228,vanity,Logitech G Pro X Superlight Black,"1,000","1,600",0.141,225,1.1,BenQ XL2546,240,RTX 2070,1920x1080,Logitech G640,HyperX Alloy FPS,HyperX Cloud II
46,Version 1 (B),229,effys,Logitech G Pro X Superlight,"1,000",400,0.45,180,1,BenQ XL2546K,240,GTX 1080 Ti,1920x1080,Logitech G640,Razer Huntsman Mini,HyperX Cloud II Wireless
37,Cloud9 Blue,230,zellsis,Logitech G Pro X Superlight,"1,000",800,0.215,172,0.82,BenQ XL2546,240,GTX 1080,1920x1080,Zowie G-SR-SE Rouge,Gamesense Clutch,Sennheiser GAME ZERO
46,Version 1 (B),231,wippie,Logitech G Pro X Superlight Magenta,"1,000",800,1.572,"1,257",0.948,BenQ XL2546K,240,RTX 2070 Super,1024x768,Artisan FX Zero XSoft,HyperX Alloy Origins,Logitech G Pro X Wireless Headset
46,Version 1 (B),232,penny,Logitech G Pro X Superlight White,"1,000",800,0.408,326,,,,,,HyperX FURY,HyperX Alloy Elite,HyperX Cloud Earbuds
999,FA,233,Magnum,Logitech G Pro Wireless,"1,000",400,0.5,200,1.227,Samsung C24RG50,144,RTX 2060,1280x1024,SteelSeries QcK+,Fnatic MiniSTREAK,Logitech G Pro Gaming Headset
5,Fnatic,234,Boaster,Logitech G Pro X Superlight,"1,000",400,0.52,208,1,BenQ XL2546,240,RX 6900 XT,1920x1080,HyperX FURY S Pro,Fnatic MiniSTREAK,Logitech G Pro X Headset
111,MAD Lions (B),235,Doma,Razer DeathAdder V3 Pro,"1,000",800,0.35,280,0.75,BenQ XL2546,240,RTX 2080 Super,1920x1080,Razer Gigantus V2,Razer BlackWidow,Fnatic REACT
999,FA,236,Mistic,VAXEE ZYGEN NP-01,"1,000",400,0.58,232,0.875,BenQ XL2546,240,,1920x1080,Zowie G-SR,Fnatic MiniSTREAK,Fnatic REACT
85,BBL,237,aimdll,Zowie S2 Divina Edition,"1,000",400,0.531,212,1,ASUS VG259QM,240,RTX 2060 Super,1280x960,Zowie G-SR,Razer BlackWidow Elite,HyperX Cloud II
39,On Sla2ers (C),238,Peri,Glorious Model D,"1,000",400,0.525,210,0.8,BenQ XL2540,240,RTX 2080 Super,1920x1080,Razer Goliathus Control,Deck Francium Lite,
37,Cloud9 Blue,240,leaf,Logitech G Pro X Superlight White,"1,000",800,0.23,183,1,BenQ XL2546,240,RTX 3080,1280x960,Logitech G640,HyperX Alloy Origins Core,Sennheiser GAME ZERO
"1,000",Streamer,242,Horcus,Razer Viper Ultimate,"1,000",800,0.315,252,1,BenQ XL2546,240,RTX 2060,1920x1080,Aorus AMP500,Razer Huntsman Elite,HyperX Cloud II
999,FA,243,jammyz,FinalMouse Ultralight 2,"1,000",800,0.34,272,1.15,Alienware AW2518H,240,RTX 3060,,Zowie G-SR,Corsair K70 TKL,HyperX Cloud II
31,DWG KIA (L),244,Lakia,Zowie EC3-C,"1,000",800,0.333,266,1,BenQ XL2546,240,RTX 2080 Super,1920x1080,SteelSeries QcK Heavy,Razer Huntsman TE,HyperX Cloud Alpha
43,Sentinels (S),246,Tarik,Razer DeathAdder V3 Pro,500,800,0.471,376,1,BenQ XL2546,144,RTX 3080 Ti,1680x1050,Artisan Zero,Logitech G Pro Mechanical Keyboard,Beyerdynamic DT 990 Pro
92,DetonatioN Gaming,247,Suggest,Logitech G Pro X Superlight Magenta,"1,000",400,0.7,280,1,Alienware AW2518H,240,RTX 2080 Ti,1280x960,Xten Mousepad (Custom),Logitech G913,Logitech G Pro X Headset
7,Guild,248,koldamenta,Razer DeathAdder V3 Pro White,"1,000",800,0.3,240,1,ASUS ROG XG258Q,240,RTX 2080,1440x900,Logitech G640,Logitech G512,Logitech G Pro X Headset
95,REJECT,249,Zepher,Logitech G403,"1,000",400,0.55,220,1,BenQ XL2540,240,,1920x1080,SteelSeries QcK Heavy,HyperX Alloy Origins Core,HyperX Cloud II
999,FA,250,Allow,Logitech G Pro Wireless,"1,000",800,0.234,187,1,BenQ XL2546,240,GTX 1080,1920x1080,SteelSeries QcK Heavy,Logitech G Pro X Mechanical Keyboard,Logitech G Pro X Headset
12,Xerxia,251,foxz,FinalMouse Ultralight 2,"1,000",800,0.485,388,1,BenQ XL2546K,240,,1920x1080,Logitech G640,Xtrfy K4-RGB TKL,Logitech G Pro X
57,MOUZ,252,al0rante,Razer Viper V2 Pro,"1,000",400,0.35,140,1,BenQ XL2546,240,,1920x1080,Razer Gigantus V2,Razer Huntsman TE,HyperX Cloud II
36,Acend (B),253,MONSTEERR,Logitech G Pro Wireless,"1,000",800,0.4,320,1,AOC G2460PF,144,,1920x1080,Logitech G640,Logitech G Pro Mechanical Keyboard,Logitech G Pro X Headset
47,Heretics,254,keloqz,Logitech G Pro X Superlight,"1,000",400,0.44,176,1,BenQ XL2546K,240,GTX 1060,1920x1080,Logitech G640,,Logitech G Pro X Wireless Headset
38,100T (L),255,bang,Logitech G Pro X Superlight,"1,000",800,0.32,256,1,ASUS VG248QE,144,,1920x1080,Logitech G640,Logitech G Pro Mechanical Keyboard,Logitech G Pro X
999,FA,256,BabyJ,Zowie EC2-A,"1,000",400,0.45,180,1,BenQ XL2546,240,RTX 3070,1920x1080,,,HyperX Cloud II
90,ORDER,257,Texta,Logitech G Pro Wired,"1,000",400,0.7,280,1,Alienware AW2521HF,240,RTX 3080,1920x1080,Logitech G640,Logitech G Pro X Mechanical Keyboard,Logitech G Pro X Headset
90,ORDER,259,Disk0,Logitech G Pro X Superlight Black,"1,000",400,0.525,210,1,Alienware AW2720HF,240,RTX 3080,1920x1080,Logitech G640,Logitech G Pro X Mechanical Keyboard,Logitech G Pro X Headset
37,Cloud9 Blue (C),260,Autumn,Logitech G Pro X Superlight Black,"1,000",800,0.32,256,1,Alienware AW2521HF,240,RTX 3080,1920x1080,Logitech G640,Logitech G Pro X Mechanical Keyboard,Logitech G Pro X Headset
85,BBL,263,AsLanMashadoVV,Xtrfy M42,"1,000",400,0.6,240,0.9,BenQ XL2546,240,RTX 2070,1280x960,SteelSeries QcK Large Cyberpunk Edition,Razer BlackWidow X Chroma ME,HyperX Cloud II
999,FA,264,seb,Xtrfy M4 Blue,"1,000",400,0.383,153,0.9,BenQ XL2540K,240,RTX 2080 Super,1920x1080,Artisan Zero (XL/Soft),SteelSeries Apex Pro TKL,Sennheiser G4ME ONE
31,DWG KIA,265,t3xture,Logitech G Pro X Superlight,"1,000",800,0.55,440,1,LG 27GN750,240,RTX 2080 Ti,1920x1080,SteelSeries QcK Heavy,Logitech G Pro Mechanical Keyboard,Logitech G Pro X Headset
82,FURIA,266,qck,Razer Viper Ultimate,"1,000",400,0.74,296,1,BenQ XL2546,240,RTX 2070 Super,1920x1080,Esports Tiger Neon,HyperX Alloy Origins 60,HyperX Cloud II
999,FA,267,Zunba,Logitech G Pro X Superlight White,"1,000",800,0.25,200,1,BenQ XL2546K,240,RTX 2080 Ti,1920x1080,Xraypad Aqua Control,Logitech G913 TKL,Audeze LCD-GX
31,DWG KIA,268,exy,Logitech G Pro X Superlight,"1,000",400,0.503,201,1,BenQ XL2546K,240,,1920x1080,SteelSeries QcK Heavy,Logitech G Pro X Mechanical Keyboard,Logitech G533
999,FA,269,Bunny,SteelSeries Prime Wireless,"1,000",800,0.38,304,1,BenQ XL2546K,240,RTX 2080 Ti,1920x1080,Zowie G-SR-SE,Mars Pro MK3,OC-G9 Mk2
999,FA,270,FiveK,Logitech G Pro X Superlight,"1,000",400,0.55,220,1,BenQ XL2546K,240,,1920x1080,Zowie G-SR,Mars Pro MK3,OC-G9 Mk2
60,SMB,271,glovee,Xtrfy M42,"1,000",400,0.525,210,1,BenQ XL2546,240,RTX 3060,1024x768,SteelSeries QcK Heavy,HyperX Alloy FPS,HyperX Cloud II
116,Kalafar Esports,272,Unity,Zowie EC2-B,"1,000",800,0.291,232,1,BenQ XL2546K,240,GTX 1060,1920x1080,Zowie G-SR-SE,HyperX Alloy FPS,HyperX Cloud II
60,SMB,273,Brave,Logitech G Pro Wireless,"1,000",400,0.85,340,1,BenQ XL2546K,240,,1920x1080,Logitech G640,HyperX Alloy FPS,Logitech G Pro X Headset
36,Acend (B),274,starxo,Logitech G Pro X Superlight,"1,000",800,0.485,388,1,ASUS ROG Strix XG248Q,240,RTX 2070 Super,1280x1024,Xtrfy GP4,Logitech G Pro Mechanical Keyboard,HyperX Cloud II
55,Giants (B),275,russ,VAXEE OUTSET AX Glossy,"1,000",800,0.5,400,1,ASUS VG259QM,240,,1920x1080,SteelSeries QcK Heavy,,Logitech G Pro X Headset
85,BBL,276,Turko,Logitech G Pro X Superlight,"1,000",400,0.6,240,1,,,,1920x1080,HyperX FURY S Pro,HyperX Alloy FPS,HyperX Cloud II
60,SMB,277,Izzy,Logitech G Pro X Superlight,"1,000",400,0.56,224,0.852,BenQ XL2546,240,,1920x1080,,Corsair K70 LUX,HyperX Cloud II
107,ENTER FORCE 36,278,iNTRO,Logitech G Pro X Superlight,"1,000",400,0.377,150,1,BenQ XL2546K,240,RTX 2080,1920x1080,Zowie G-SR,Corsair K65,Sennheiser GSP 600
37,Cloud9 Blue,279,yay,Logitech G Pro X Superlight Black,"1,000",800,0.27,216,1,BenQ XL2546,240,RTX 3090,1920x1080,Artisan Hayate Otsu XSoft,Wooting 60 HE,Razer BlackShark V2
10,NORTHEPTION (B),280,Meteor,Logitech G Pro X Superlight,"1,000",800,0.3,240,1,BenQ XL2546S,240,,1920x1080,Artisan Hayate Otsu,COX CK87,HyperX Cloud II
999,FA,281,TS,Logitech G703,"1,000",400,0.583,233,1,ASUS ROG XG258Q,240,,1920x1080,PULSAR ParaBreak XL,Logitech G913 TKL,Logitech G Pro X Headset
26,Keyd,282,heat,Logitech G Pro X Superlight Black,"1,000",800,0.4,320,1,Alienware AW2521HF,240,GTX 1660 Ti,1728x1080,SteelSeries QcK Heavy,Logitech G Pro Mechanical Keyboard,HyperX Cloud Alpha
2,Paper Rex,283,f0rsakeN,Logitech G Pro X Superlight,"1,000",800,0.712,569,1,BenQ XL2546K,240,GALAX GTX 1080 Ti,1920x1080,Zowie G-SR-SE Rouge,HyperX Alloy Origins Core,HyperX Cloud II
4,DRX,284,BuZz,Zowie S2,"1,000",400,0.57,228,0.8,BenQ XL2546K,240,,1280x960,Xraypad Aqua Control+,Razer Huntsman V2 TKL,Razer BlackShark V2 Pro
4,DRX,285,MaKo,Razer DeathAdder V3 Pro,"1,000",400,0.45,180,1,BenQ XL2546S,240,,1920x1080,Razer Gigantus V2,Razer BlackWidow V3 Pro,Razer BlackShark V2 Pro
42,M3C,286,Redgar,Logitech G Pro X Superlight,"1,000",800,0.7,560,1,BenQ XL2546K,240,RTX 3080,1920x1080,Zowie G-SR-SE Deep Blue,Logitech G Pro X Mechanical Keyboard,Logitech G Pro X Headset
12,Xerxia,287,sScary,Logitech G Pro X Superlight,"1,000",800,0.36,288,1.1,BenQ XL2546K,240,RTX 3070,1920x1080,Logitech G640,Xtrfy K4-RGB TKL,HyperX Cloud Alpha S
12,Xerxia,288,sushiboys,Logitech G Pro X Superlight Magenta,"1,000",800,0.37,296,0.9,BenQ XL2546K,240,,1920x1080,Zowie G-SR,Glorious GMMK Pro,Logitech G Pro X Headset
12,Xerxia,289,Crws,Logitech G Pro X Superlight,"1,000","1,600",0.15,240,1,BenQ XL2546K,240,RTX 3070,1280x960,Zowie G-SR,Custom Tofu Build (Novelkeys Cream),Razer BlackShark V2 Pro
999,FA,290,b0i,Logitech G303 Shroud Edition,"1,000","1,600",0.455,728,1,BenQ XL2540,240,,1920x1080,VAXEE PA,Ducky One 2 RGB,HyperX Cloud II
13,Liquid,291,Nivera,Razer DeathAdder V3 Pro,500,800,0.173,138,1,Alienware AW2521H,360,RTX 3080,1280x960,SteelSeries QcK Heavy,Corsair K70 RGB MK.2,Logitech G Pro X Headset
2,Paper Rex,292,d4v41,Logitech G Pro X Superlight,"1,000",900,0.65,585,1,BenQ XL2546,240,GTX 1080 Ti,1280x1024,SteelSeries QcK Heavy,HyperX Alloy FPS RGB,Razer HammerHead Pro V2
45,TSM,293,Seven,Logitech G Pro X Superlight,"1,000","1,600",0.25,400,1,BenQ XL2546K,240,,1920x1080,Artisan Hien FX Soft,,
82,FURIA,294,nzr,Logitech G Pro X Superlight Black,"1,000",800,0.45,360,1,AOC G2460PF,144,,1920x1080,VAXEE PA Winter 21,HyperX Alloy FPS,HyperX Cloud II
102,FAV Gaming,295,Fisker,Logitech G Pro X Superlight Black,"1,000",400,0.44,176,1,Alienware AW2521H,240,,1920x1080,Zowie G-SR,SteelSeries Apex Pro,JBL Quantum ONE
55,Giants (B),296,Kiles,Logitech G Pro X Superlight Black,"1,000",800,0.431,344,1,BenQ XL2540,240,RTX 2080,1280x960,VAXEE PA ZYGEN,Logitech G Pro X Mechanical Keyboard,Logitech G Pro X Headset
15,Team Secret,297,dispenser,VAXEE ZYGEN NP-01,"1,000",450,0.44,198,0,BenQ XL2546,240,,1280x1024,Corsair MM350 Champion Series,SteelSeries Apex Pro TKL,
91,Vitality,298,BONECOLD,Razer DeathAdder V3 Pro,"1,000",800,0.27,216,1,BenQ XL2540,240,RTX 3060,1280x960,VAXEE PA,Logitech G Pro X Mechanical Keyboard,Sennheiser GAME ZERO
15,Team Secret,299,JessieVash,Glorious Model D Wireless,"1,000",800,0.4,320,0.9,BenQ XL2546K,240,RTX 2060 Super,1920x1080,Corsair MM350 Champion Series,Corsair K70 RGB TKL,
15,Team Secret,300,DubsteP,Logitech G Pro X Superlight,"1,000",800,0.385,308,1.1,BenQ XL2546K,240,,1280 x 960,Corsair MM350 Champion Series,Corsair K70 RGB TKL,Corsair HS80 Wireless
15,Team Secret,301,BORKUM,VAXEE ZYGEN NP-01S,"1,000",400,0.65,260,0.9,BenQ XL2546K,240,GTX 1060,1920x1080,Corsair MM350 Champion Series,Corsair K70 RGB TKL,Corsair HS80 Wireless
15,Team Secret,302,witz,VAXEE OUTSET AX,"1,000",800,0.41,328,,BenQ XL2546K,240,,,Corsair MM350 Champion Series,Corsair K70 RGB TKL,
11,KRÜ,303,Klaus,Razer Viper V2 Pro,"1,000",800,0.5,400,1,BenQ XL2546K,240,RTX 2070,1920x1080,VAXEE PA Black,Razer Huntsman TE,Logitech G Pro X Wireless Headset
999,FA,304,Mazino,Logitech G703,"1,000","1,600",0.22,352,1,BenQ XL2546K,240,RTX 3080,1600x1024,Artisan Zero,Razer Huntsman TE,HyperX Cloud Flight
11,KRÜ,305,NagZet,Zowie EC2-B,"1,000",400,0.75,300,1,BenQ XL2546K,240,GTX 1060,1920x1080,VAXEE PA FunSpark,Logitech G Pro X Mechanical Keyboard,
999,FA,306,delz1k,Logitech G Pro X Superlight,"1,000",400,0.72,288,1,BenQ XL2546K,240,GTX 1660,1280x960,VAXEE PA Black,HyperX Alloy FPS Pro,HyperX Cloud Flight
999,FA,307,keznit,Logitech G703,"1,000",800,0.346,276,1,BenQ XL2546K,240,GTX 1660,1680x1050,Zowie G-SR,Skyloong KS61,HyperX Cloud II Wireless
32,Full Sense,308,Johnolsen,FinalMouse Ultralight 2,"1,000",400,0.565,226,1,Alienware AW2521H,240,RTX 3070,1920x1080,SteelSeries QcK Heavy,SteelSeries Apex Pro,HyperX Cloud II
32,Full Sense,309,Lammysnax,SteelSeries Prime,"1,000",800,0.31,248,1,BenQ XL2546,240,RTX 3070,1920x1080,SteelSeries QcK Heavy,Logitech G913 TKL,HyperX Cloud II
32,Full Sense,310,SuperBuss,Logitech G Pro X Superlight,"1,000",800,0.38,304,1,BenQ XL2546,240,RTX 3070,1920x1080,Artisan FX Zero Soft,Ducky One 2 SF,Sennheiser GAME ZERO
32,Full Sense,311,Chalalala,Zowie FK1,"1,000",400,0.6,240,1,BenQ XL2546,240,RTX 3070,1920x1080,Artisan FX Zero Soft,Razer BlackWidow Chroma V2,HyperX Cloud Alpha
"1,000",Streamer,312,Kyedae,FinalMouse Starlight 12,"1,000",800,0.4,320,1,BenQ XL2540,240,RTX 3090,1920x1080,HyperX FURY S Pro,Custom Keyboard,Xtrfy H2
37,Cloud9 Blue,313,Xeppaa,Zowie EC2-C,"1,000",800,0.35,280,1,BenQ XL2546K,240,RTX 3080,1280x960,SteelSeries QcK Heavy,HyperX Alloy Origins Core,HyperX Cloud II
20,G2 (B),314,hoody,Logitech G403 HERO,"1,000",400,0.628,251,1,BenQ XL2546K,240,,1920x1080,Logitech G640,,Logitech G Pro X Headset
999,FA,315,Leviathan,Logitech G Pro X Superlight,"1,000",800,0.3,240,1,BenQ XL2740,240,RTX 3090,1920x1080,Artisan Hien FX Mid XL Black,Anne PRO 2,Logitech G Pro X Headset
45,TSM (B),316,Rossy,Logitech G Pro X Superlight,"1,000","1,600",0.225,360,1,ASUS TUF VG279QM,240,RTX 3070,1280x1024,Logitech G640,Logitech G915 TKL,Logitech G Pro X Wireless Headset
21,NIP (C) (B),317,JhoW,Logitech G Pro Wireless,"1,000",400,0.63,252,,Alienware AW2518HF,240,GTX 1070 Ti,,GFallen Pantera,HyperX Alloy Origins,SteelSeries Arctis 5
21,NIP (B),318,v1xen,Logitech G Pro X Superlight,"1,000",800,0.45,360,1,Alienware AW2518HF,240,GTX 1070,1280x960,AORUS AMP 500,CoolerMaster CK550,HyperX Cloud Alpha
26,Keyd,319,murizzzzz,Logitech G Pro X Superlight,"1,000",800,0.466,372,0.96,Alienware AW2518HF,240,RTX 2070 Super,1280x960,HyperX FURY S Pro,Anne Pro 2,Logitech G Pro X Wireless Headset
82,FURIA,320,Khalil,Logitech G Pro X Superlight,"1,000",800,0.5,400,1,BenQ XL2546,240,RTX 2070 Super,1920x1080,Razer Gigantus V2,HyperX Alloy FPS Pro,HyperX Cloud II
82,FURIA,321,mazin,Xtrfy M4 Wireless,"1,000",800,0.35,280,1,AOC AGON AG241QG,240,GTX 1060,1920x1080,VAXEE PA Winter 21,HyperX Alloy Origins,HyperX Cloud II
999,FA,322,BraveAF,Endgame Gear XM1r,"1,000",400,0.785,314,1,BenQ XL2546K,240,,1920x1080,SteelSeries QcK Heavy,HyperX Alloy FPS Pro,Logitech G Pro X Headset
46,Version 1 (B),323,Zander,FinalMouse Starlight Pro,"1,000",800,0.275,220,0.95,BenQ XL2546,240,RTX 2070 Super,1920x1080,Zowie G-SR-SE Rouge,Xtrfy K4 TKL,HyperX Cloud II Wireless
38,100T,324,Cryocells,Logitech G Pro X Superlight White,"1,000",800,0.3,240,1.25,BenQ XL2546,240,RTX 3070,1920x1080,SWIPE SP-FROST,Ducky One 2 Mini RGB,HyperX Cloud II
4,DRX,325,Zest,Zowie EC2,"1,000",400,0.56,224,1,BenQ XL2546K,240,,1280x960,Zowie G-SR,Razer Huntsman V2 TKL,Razer BlackShark V2 Pro
24,Global Esports,326,Ayrin,,"1,000",800,0.3,240,1,,,,1920x1080,,,
43,Sentinels,327,dephh,Razer Viper 8KHz,"1,000",800,0.214,171,1,BenQ XL2411T,144,,1024x768,Razer Gigantus V2,HyperX Alloy FPS,
43,Sentinels,328,Zekken,Logitech G Pro X Superlight,"1,000",800,0.35,280,1,BenQ XL2546,240,RTX 3070 Ti,1920x1080,Gamesense Radar XL,Custom Keyboard,
22,The Guard (B),329,neT,Razer DeathAdder V3 Pro,"1,000",400,0.44,176,1,BenQ XL2546,240,RTX 3070,1920x1080,Logitech G640,Anne Pro 2,HyperX Cloud II
22,The Guard (B),330,Valyn,Logitech G Pro X Superlight,"1,000","1,600",0.15,240,1,BenQ XL2546,240,RTX 2070,1920x1080,Logitech G640,Razer Huntsman TE,HyperX Cloud II
22,The Guard (B),331,JonahP,Razer Viper Ultimate,"1,000",400,0.5,200,1,BenQ XL2546,240,RTX 3090,1920x1080,Gamesense Radar,Ducky One 2 TKL White,Sennheiser GAME ZERO
22,The Guard,332,trent,Razer DeathAdder V3 Pro,"1,000","1,600",0.175,280,1.009,BenQ XL2546,240,,1920x1080,Zowie G-SR-SE Rouge,Redragon K522 TKL White,HyperX Cloud II
115,Maru Gaming,333,Jeong Hi,Logitech G Pro X Superlight,"1,000",800,0.395,316,1,,,,,SteelSeries QcK Heavy,Corsair K65,Sennheiser GSP 600
117,World Game Star,334,iRdy,Zowie EC2,"1,000",400,0.48,192,1,,,,1920x1080,,Logitech G Pro X Mechanical Keyboard,Astro A50
117,World Game Star,335,HANN,Logitech G Pro X Superlight Magenta,"1,000",400,0.63,252,1,,,,1920x1080,VAXEE PA,Logitech G Pro X Mechanical Keyboard,Astro A50
117,World Game Star,336,Sylvan,Logitech G Pro X Superlight,"1,000",800,0.285,228,1,,,,1920x1080,Logitech G840,Logitech G Pro X Mechanical Keyboard,Astro A50
117,World Game Star,337,Luke,Logitech G Pro X Superlight,"1,000",400,0.5,200,1,,,,1920x1080,SteelSeries QcK+,Logitech G Pro X Mechanical Keyboard,Astro A50
117,World Game Star,338,GODLIKE,Logitech G Pro X Superlight,"1,000",400,0.69,276,1,,,,1920x1080,Logitech G640,Logitech G Pro X Mechanical Keyboard,Astro A50
117,World Game Star,339,Clark,Logitech G Pro X Superlight,"1,000",800,0.275,220,1,,,,1920x1080,Logitech G640,Logitech G Pro X Mechanical Keyboard,Astro A50
10,NORTHEPTION,340,JoxJo,VAXEE OUTSET AX,"1,000",800,0.285,228,1,BenQ XL2546,240,,,VAXEE PA,Corsair K70 RGB MK.2,
2,Paper Rex,341,Jinggg,FinalMouse Starlight 12,"1,000","1,600",0.188,300,1,BenQ XL2546K,240,RTX 2080 Ti,1440x1080,Artisan FX Zero Soft,HyperX Alloy Origins Core,Logitech G Pro X Headset
8,Zeta Division,342,Dep,Logitech G Pro X Superlight,"1,000",400,0.9,360,1,BenQ XL2546K,240,,1680x1050,Zowie G-SR-SE Rouge,Corsair K100 RGB,Logitech G Pro X Headset
8,Zeta Division (B),343,TENNN,Logitech G Pro X Superlight,"1,000",800,0.28,224,1,BenQ XL2546K,240,,1280x960,VAXEE PA ZYGEN,Logitech G512,Logitech G Pro X Headset
8,Zeta Division,344,SugarZ3ro,Logitech G Pro X Superlight,"1,000",400,0.428,171,1,BenQ XL2546K,240,,1280x960,Zowie G-SR-SE,Logitech G915 TKL,Logitech G Pro X Headset
2,Paper Rex,345,Benkai,Pulsar X2,"1,000",800,0.25,200,0.7,BenQ XL2546K,240,RTX 2070 Super,1280x960,Artisan Hien FX Soft,Ducky One 2 Mini RGB,EPOS H6PRO White
2,Paper Rex,346,mindfreak,VAXEE XE White,"1,000",400,0.5,200,0.9,BenQ XL2546K,240,,1920x1080,VAXEE PA Summer22,HyperX Alloy Origins Core,
38,100T (M),347,Nadeshot,Logitech G Pro X Superlight Black,"1,000",800,0.2,160,1,BenQ XL2540,240,,1920x1080,SteelSeries QcK+,HiGround Sandstone,JBL Quantum ONE
6,LOUD,348,aspas,Razer DeathAdder V3 Pro,"1,000",800,0.4,320,1,ASUS VG259QM,240,RX 580,1920x1080,VAXEE PA ZYGEN,Logitech G915 TKL,Logitech G Pro X Headset
6,LOUD,349,Less,Logitech G Pro X Superlight,"1,000",800,0.32,256,1,BenQ XL2546K,240,GTX 1050 Ti,,VAXEE PA FunSpark,HyperX Alloy FPS RGB,HyperX Cloud II
12,Xerxia,350,Surf,Logitech G Pro X Superlight Magenta,"1,000",800,0.375,300,1,BenQ XL2546K,240,RTX 3070,1920x1080,Artisan Hayate Otsu,HyperX Alloy FPS,Beyerdynamic MMX300
80,Alliance,351,SEIDER,Razer Viper V2 Pro,"1,000","1,600",0.15,240,1,,,,1280x960,Razer Gigantus V2,Razer Huntsman V2 TKL,Logitech G Pro X Wireless Headset
999,FA,352,Kanpeki,Razer Viper V2 Pro,"1,000",800,0.32,256,1,BenQ XL2546 Divina Pink Edition,240,GTX 1080 Ti,1920x1080,Artisan FX Zero Soft,Custom Keyboard,HyperX Cloud II
5,Fnatic,353,Alfajer,Razer DeathAdder V3 Pro,"1,000",400,0.45,180,1,Alienware AW2521H,360,RTX 2060 Super,1920x1080,Zowie G-SR-SE Rouge,HyperX Alloy Origins Core,
"1,000",Streamer,354,benjyfishy,Razer Viper V2 Pro,"1,000",800,0.283,226,1,OMEN X25f,360,RTX 3090,1280x960,Gamesense Radar XL,SteelSeries Apex Pro TKL,Turtle Beach Atlas Aero
"1,000",Streamer,355,ErycTriceps,Logitech G303 Shroud Edition,"1,000",400,0.314,125,1,BenQ XL2540,240,RTX 2080 Ti,1920x1080,Artisan Ninja FX,SteelSeries Apex Pro TKL,Sennheiser HD 660 S
"1,000",Streamer,357,Recrent,Logitech G Pro X Superlight Black,"1,000",800,0.3,240,1,Alienware AW2721D,240,RTX 3090,1920x1080,Artisan Hien FX Soft,Razer Huntsman V2 TKL,
57,MOUZ,358,RECIDENT,FinalMouse Starlight 12,,,,,,BenQ XL2546K,240,,,Razer Gigantus,Razer Huntsman TE,Razer BlackShark V2
57,MOUZ,359,memset,Logitech G Pro X Superlight,"1,000",400,0.37,148,,BenQ XL2546K,240,,1920x1080,Razer Gigantus V2,Razer Huntsman TE,Razer BlackShark V2
57,MOUZ,360,Luzuh,Logitech G Pro X Superlight,"1,000",400,0.541,216,1,BenQ XL2540,240,,1280x960,Razer Gigantus V2,Razer Huntsman TE,Razer BlackShark V2
9,Leviatan,361,Tacolilla,Logitech G Pro X Superlight Black,"1,000",800,0.2,160,1,BenQ XL2546K,240,RTX 3070,1680x1050,Razer Gigantus V2,Varmilo VA87M Beijing Opera,Logitech G Pro X Headset
33,NRG Esports (B),362,eeiu,,,,,,,BenQ XL2546,240,,,Artisan Hayate Otsu,,
5,Fnatic,363,Leo,Razer DeathAdder V2 Pro,"1,000",400,0.41,164,1,,,,1280x1024,HyperX FURY S Pro,,
7,Guild (B),364,Russ,Logitech G Pro X Superlight,"1,000",800,0.38,304,1,BenQ XL2546K,240,RTX 3070 Ti,1600x900,Xraypad Aqua Control+,HyperX Alloy Origins 60,HyperX Cloud II
7,Guild (B),365,trexx,G-Wolves Hati Black,"1,000",800,0.226,180,1,BenQ XL2546K,240,,1920x1080,Esports Tiger LongTeng SE,Anne Pro 2,HyperX Cloud Alpha S
38,100T (C),366,seangares,HyperX Pulsefire Haste,"1,000",800,0.315,252,1,BenQ XL2546,240,RTX 2080 Ti,1920x1080,HyperX FURY S Pro,HyperX Alloy FPS,HyperX Cloud Alpha
999,FA,367,adverso,Logitech G Pro X Superlight White,"1,000",400,0.5,200,1,,,GTX 1060,1920x1080,Xraypad Aqua Control+,Varmilo VA87M Summit,HyperX Cloud II Wireless
9,Leviatan,368,kiNgg,Logitech G Pro X Superlight,"1,000",800,0.27,216,1,ASUS TUF VG258QM,240,GTX 1070,1920x1080,Lethal Gaming Gear Saturn,Varmilo VA87M Beijing Opera,HyperX Cloud II
999,FA,369,Melser,Logitech G Pro X Superlight Magenta,"1,000",400,0.6,240,1,Alienware AW2521H,240,RTX 2070 Super,1920x1080,Lethal Gaming Gear Saturn,Ducky One 2 RGB,
9,Leviatan,370,Shyy,Logitech G Pro X Superlight,"1,000",800,0.32,256,1,,,GTX 1660,1280x1024,Razer Gigantus V2,Razer Huntsman V2 TKL,
99,Team RA'AD,371,phaze,Logitech G Pro X Superlight,"1,000",400,0.7,280,1.1,BenQ XL2546K,240,,1280x960,Zowie G-SR-SE,Razer Huntsman V2 TKL,HyperX Cloud Alpha
87,Rebels Gaming,372,JannyXD,Razer Viper V2 Pro,"1,000",400,0.52,208,1,BenQ XL2546K,240,RTX 3060,1280x768,Razer Gigantus V2,Razer BlackWidow V3 TKL,Razer BlackShark V2 Pro
87,Rebels Gaming,373,GatsH,Razer Viper Ultimate,"1,000",400,0.4,160,1,BenQ XL2546K,240,RTX 3060,1280x768,Razer Gigantus V2,Razer BlackWidow V3 TKL,Razer BlackShark V2
87,Rebels Gaming,374,vo0kashu,Razer Viper V2 Pro,"1,000",800,0.211,168,1,BenQ XL2546K,240,RTX 3060,1280x960,Razer Gigantus V2,Razer Huntsman Mini,
38,100T,375,derrek,Logitech G Pro X Superlight,"1,000",800,0.375,300,1,Acer XF250Q,240,GTX 1080 Ti,1920x1080,Zowie G-SR-SE Rouge,SteelSeries Apex 7 Ghost Edition,HyperX Cloud II
999,FA,376,Will,Logitech G Pro X Superlight,"1,000",800,0.4,320,1,BenQ XL2546K,240,RTX 3080,1920x1080,Artisan Zero,Ducky One 2 TKL White,EPOS H6PRO White
8,Zeta Division,377,Xdll,Logitech G Pro X Superlight,"1,000",800,0.285,228,1,BenQ XL2546K,,,1920x1080,SteelSeries QcK Edge,,
23,Edward Gaming,378,ZmjjKK,VAXEE ZYGEN NP-01S Pink,"1,000",800,0.28,,,BenQ XL2546K,240,,1920x1080,Artisan Hien FX Soft,,
82,FURIA,379,dgzin,Logitech G Pro X Superlight Magenta,"1,000",400,0.26,104,1,BenQ XL2546K,240,RTX 2070 Super,1280x1080,Artisan Zero,HyperX Alloy Origins Core,
125,Liquid (S),380,frttt,Zowie EC2,"1,000","1,600",0.755,"1,208",1,BenQ XL2546K,240,RTX 3080 Ti,1920x1080,HyperX FURY S Pro,HyperX Alloy FPS,HyperX Cloud II
"1,000",Streamer,381,iiTzTimmy,Logitech G Pro X Superlight,"1,000","1,800",0.19,342,1,BenQ XL2740,240,RTX 3080 Ti,1920x1080,Logitech G840 SE,Wooting 60 HE,Logitech G Pro X Wireless Headset SE
999,FA,382,governor,FinalMouse Starlight Pro,"1,000","1,200",0.45,540,1,BenQ XL2740,240,RTX 3070 Ti,1920x1080,SteelSeries QcK+,Ducky One 3 Mini,Beyerdynamic DT 990 Pro
111,MAD Lions (B),383,xms,Razer DeathAdder V3 Pro,"1,000",800,0.45,360,1,BenQ XL2540,240,RTX 3080,1920x1080,Zowie G-SR,Ducky One 2 RGB,HyperX Cloud II
118,Team BDS,384,logaN,Zowie FK1,"1,000",400,0.534,213,1,BenQ XL2411T,144,,,Zowie G-SR,SteelSeries Apex M500,HyperX Cloud II
21,NIP (B),385,xand,Logitech G Pro X Superlight,"1,000",800,0.51,408,0.95,BenQ XL2546K,240,RTX 2070 Super,1920x1080,VAXEE PA ZYGEN,Logitech G915 TKL,HyperX Cloud Alpha
119,Angry Titans,386,ngiN,Razer DeathAdder V3 Pro,"1,000",800,0.244,195,1,BenQ XL2540,240,,1920x1080,VAXEE PA,Razer BlackWidow V3 Pro,HyperX Cloud II
121,Fokus Clan,387,JUGi,Logitech G403 Wireless,"1,000",700,0.251,175,1,BenQ XL2546,240,,,Zowie G-SR,SteelSeries Apex M500,Sennheiser GAME ZERO
47,Heretics (S),389,SirMaza,Logitech G Pro X Superlight,"1,000",400,0.5,200,1,ASUS VG259QM,240,RTX 3080,1920x1080,ZOWIE GTF-X,HyperX Alloy FPS Pro,Beyerdynamic DT 880 Edition
rank,Team,wdt_ID,Name,Mouse,HZ,DPI,Sensitivity,eDPI,Scoped Sensitivity,Monitor,Monitor HZ,GPU,Resolution,Mousepad,Keyboard,Headset
